PROVINCIA,PROVINCIA_NOMBRE,Codigo Municipio,Nombre Municipio,Distrito,Seccion,Mesa,Censo,Certificados A,Certificados B,Votantes,Votos Blanco,Votos Nulo,UPN,PSN-PSOE,IUN-NEB,CDN,EKA,RCN-NOK,NA_BAI
31,Navarra,1,Abáigar,1,1,U,89,0,0,68,3,1,24,9,2,3,0,1,25
31,Navarra,2,Abárzuza,1,1,U,448,0,0,301,2,2,140,22,7,18,0,6,104
31,Navarra,3,Abaurregaina/Abaurrea Alta,1,1,U,136,0,0,102,2,10,30,21,1,5,0,0,33
31,Navarra,4,Abaurrepea/Abaurrea Baja,1,1,U,37,0,0,25,0,0,9,3,2,4,0,0,7
31,Navarra,5,Aberin,1,1,U,299,0,0,209,5,8,97,45,13,1,0,6,34
31,Navarra,6,Ablitas,1,1,A,507,0,0,376,2,6,198,114,33,4,2,3,14
31,Navarra,6,Ablitas,1,1,B,480,0,0,368,1,7,173,147,19,3,0,2,16
31,Navarra,6,Ablitas,2,1,A,482,0,0,405,9,2,220,126,12,11,0,3,22
31,Navarra,6,Ablitas,2,1,B,466,0,0,387,5,2,185,148,25,10,0,2,10
31,Navarra,7,Adiós,1,1,U,137,0,0,109,1,3,57,11,7,6,1,2,21
31,Navarra,8,Aguilar de Codés,1,1,U,101,0,0,91,0,2,57,17,0,5,0,2,8
31,Navarra,9,Aibar/Oibar,1,1,A,385,0,0,269,4,6,98,64,7,11,0,7,72
31,Navarra,9,Aibar/Oibar,1,1,B,368,0,0,250,6,14,95,58,4,14,0,3,56
31,Navarra,10,Altsasu/Alsasua,1,1,A,689,0,0,475,13,109,107,50,23,9,1,7,156
31,Navarra,10,Altsasu/Alsasua,1,1,B,694,0,0,489,9,95,106,68,24,9,0,5,173
31,Navarra,10,Altsasu/Alsasua,1,2,A,553,0,0,349,0,63,57,52,24,13,0,8,132
31,Navarra,10,Altsasu/Alsasua,1,2,B,585,0,0,366,6,55,62,64,26,4,0,10,139
31,Navarra,10,Altsasu/Alsasua,2,1,A,496,0,0,317,3,57,67,45,12,2,2,4,125
31,Navarra,10,Altsasu/Alsasua,2,1,B,481,0,0,312,5,37,75,63,14,1,0,7,110
31,Navarra,10,Altsasu/Alsasua,2,2,A,511,0,0,305,4,31,67,95,16,10,0,12,70
31,Navarra,10,Altsasu/Alsasua,2,2,B,496,0,0,308,5,48,69,97,22,3,0,7,57
31,Navarra,10,Altsasu/Alsasua,2,2,C,497,0,0,314,3,46,63,118,17,5,0,8,54
31,Navarra,10,Altsasu/Alsasua,2,3,A,424,0,0,247,0,33,63,55,9,2,0,5,80
31,Navarra,10,Altsasu/Alsasua,2,3,B,474,0,0,300,3,41,92,59,11,6,0,5,83
31,Navarra,11,Allín,1,1,A,166,0,0,121,4,1,45,30,7,5,0,2,27
31,Navarra,11,Allín,1,1,B,265,0,0,169,0,6,97,14,3,8,0,7,34
31,Navarra,11,Allín,1,1,C,223,0,0,136,3,7,69,16,6,11,1,2,21
31,Navarra,12,Allo,1,1,A,457,0,0,381,6,9,179,103,17,7,0,13,47
31,Navarra,12,Allo,1,1,B,451,0,0,384,8,3,183,98,27,7,0,13,45
31,Navarra,13,Améscoa Baja,1,1,A,386,0,0,256,2,1,94,34,16,8,0,2,99
31,Navarra,13,Améscoa Baja,1,1,B,314,0,0,162,2,4,64,20,4,9,1,3,55
31,Navarra,14,Ancín,1,1,U,262,0,0,197,3,7,106,26,6,9,0,3,37
31,Navarra,15,Andosilla,1,1,A,361,0,0,277,7,8,137,70,5,27,0,2,21
31,Navarra,15,Andosilla,1,1,B,405,0,0,304,3,3,146,78,3,23,4,9,35
31,Navarra,15,Andosilla,2,1,A,626,0,0,480,6,3,203,150,10,34,2,3,69
31,Navarra,15,Andosilla,2,1,B,652,0,0,511,9,5,212,206,6,22,1,2,48
31,Navarra,16,Ansoáin,1,1,A,640,0,0,417,1,38,74,115,32,10,1,10,136
31,Navarra,16,Ansoáin,1,1,B,650,0,0,438,4,28,89,135,36,9,0,5,132
31,Navarra,16,Ansoáin,1,2,A,497,0,0,367,3,37,70,84,33,6,0,8,126
31,Navarra,16,Ansoáin,1,2,B,622,0,0,442,3,28,94,138,30,8,1,8,132
31,Navarra,16,Ansoáin,1,2,C,568,0,1,398,2,25,73,101,38,10,0,10,139
31,Navarra,16,Ansoáin,1,3,U,980,0,0,662,14,41,160,129,48,18,0,13,239
31,Navarra,16,Ansoáin,1,4,A,659,0,0,437,3,31,72,135,33,8,2,8,145
31,Navarra,16,Ansoáin,1,4,B,636,0,0,412,3,28,64,146,25,8,0,10,128
31,Navarra,16,Ansoáin,1,5,U,654,0,0,424,5,24,61,112,33,12,0,6,171
31,Navarra,16,Ansoáin,1,6,A,700,0,0,492,6,24,107,112,34,16,0,5,188
31,Navarra,16,Ansoáin,1,6,B,699,0,0,505,8,22,116,98,32,13,0,10,206
31,Navarra,17,Anue,1,1,U,321,0,0,235,5,30,70,19,5,23,0,2,81
31,Navarra,18,Añorbe,1,1,U,407,0,0,333,7,9,130,69,16,13,2,10,77
31,Navarra,19,Aoiz/Agoitz,1,1,U,669,0,0,520,11,92,167,83,16,11,0,15,125
31,Navarra,19,Aoiz/Agoitz,2,1,A,528,0,0,404,7,95,116,59,6,5,0,3,113
31,Navarra,19,Aoiz/Agoitz,2,1,B,509,0,0,382,7,97,121,46,6,8,1,3,93
31,Navarra,20,Araitz,1,1,U,512,0,0,323,4,144,49,7,3,2,0,1,113
31,Navarra,21,Aranarache,1,1,U,74,0,0,54,1,0,23,12,2,0,0,0,16
31,Navarra,22,Arantza,1,1,U,570,0,0,493,10,143,63,21,0,15,0,2,239
31,Navarra,23,Aranguren,1,1,A,620,0,0,473,4,14,181,82,31,28,2,9,122
31,Navarra,23,Aranguren,1,1,B,640,0,0,505,12,11,185,96,22,33,1,12,133
31,Navarra,23,Aranguren,1,2,A,374,0,0,289,6,18,96,22,8,22,0,2,115
31,Navarra,23,Aranguren,1,2,B,789,0,0,627,12,15,302,83,25,50,0,3,137
31,Navarra,23,Aranguren,1,2,C,794,0,0,622,18,8,285,78,38,52,0,9,134
31,Navarra,23,Aranguren,1,3,A,630,0,0,508,8,11,212,77,22,29,4,14,131
31,Navarra,23,Aranguren,1,3,B,669,0,0,533,19,25,209,85,26,26,0,7,136
31,Navarra,24,Arano,1,1,U,122,0,0,50,0,16,3,1,0,4,0,0,26
31,Navarra,25,Arakil,1,1,A,345,0,0,251,3,29,108,20,11,1,0,4,75
31,Navarra,25,Arakil,1,1,B,413,0,0,291,2,44,72,35,3,14,0,4,117
31,Navarra,26,Aras,1,1,U,175,0,0,146,1,3,68,57,2,2,1,1,11
31,Navarra,27,Arbizu,1,1,U,782,1,0,599,7,247,54,14,6,8,0,1,262
31,Navarra,28,Arce/Artzi,1,1,U,237,0,0,179,2,14,46,17,2,15,1,5,77
31,Navarra,29,Arcos (Los),1,1,A,578,0,0,478,5,11,258,106,24,15,0,9,50
31,Navarra,29,Arcos (Los),1,1,B,473,0,0,371,5,4,203,72,12,13,2,6,54
31,Navarra,30,Arellano,1,1,U,158,0,0,133,1,3,30,27,6,7,1,3,55
31,Navarra,31,Areso,1,1,U,245,0,0,215,3,61,14,11,4,45,0,0,77
31,Navarra,32,Arguedas,1,1,A,629,0,0,513,12,8,233,205,6,12,2,7,28
31,Navarra,32,Arguedas,1,1,B,678,0,0,569,12,7,279,214,11,10,1,6,29
31,Navarra,32,Arguedas,2,1,U,529,0,0,443,7,5,230,154,16,8,1,3,19
31,Navarra,33,Aria,1,1,U,57,0,0,31,0,5,13,3,1,5,0,0,4
31,Navarra,34,Aribe,1,1,U,54,0,0,41,2,6,13,3,2,0,0,1,14
31,Navarra,35,Armañanzas,1,1,U,66,0,0,53,0,1,31,16,0,0,0,2,3
31,Navarra,36,Arróniz,1,1,A,545,0,0,391,0,0,164,108,32,15,0,5,67
31,Navarra,36,Arróniz,1,1,B,436,0,0,322,8,10,123,66,10,16,0,3,86
31,Navarra,37,Arruazu,1,1,U,91,0,0,72,0,14,13,1,1,1,0,0,42
31,Navarra,38,Artajona,1,1,A,691,0,0,564,14,13,269,135,26,23,1,3,80
31,Navarra,38,Artajona,1,1,B,688,0,0,578,12,11,248,133,31,22,0,13,108
31,Navarra,39,Artazu,1,1,U,95,0,0,76,1,3,26,14,4,3,0,3,22
31,Navarra,40,Atez,1,1,U,202,0,0,174,3,18,55,32,5,15,0,0,46
31,Navarra,41,Ayegui,1,1,A,617,0,0,462,9,17,172,84,26,19,2,15,118
31,Navarra,41,Ayegui,1,1,B,563,0,0,417,10,10,171,49,21,24,1,11,120
31,Navarra,42,Azagra,1,1,A,467,0,0,350,8,2,183,130,10,5,1,3,8
31,Navarra,42,Azagra,1,1,B,432,0,0,355,5,6,194,132,9,2,0,2,5
31,Navarra,42,Azagra,1,1,C,440,0,0,344,6,2,178,143,5,5,0,1,4
31,Navarra,42,Azagra,2,1,A,456,0,0,359,3,3,126,192,10,8,1,4,12
31,Navarra,42,Azagra,2,1,B,460,0,0,342,3,3,122,196,9,3,0,0,6
31,Navarra,42,Azagra,2,1,C,459,0,0,374,3,4,121,214,20,6,0,0,6
31,Navarra,43,Azuelo,1,1,U,54,0,0,45,0,0,18,15,2,7,0,0,3
31,Navarra,44,Bakaiku,1,1,U,285,0,0,250,5,81,30,6,4,8,0,0,116
31,Navarra,45,Barásoain,1,1,U,438,0,0,382,9,9,126,87,17,46,1,6,81
31,Navarra,46,Barbarin,1,1,U,71,0,0,60,0,0,47,10,0,3,0,0,0
31,Navarra,47,Bargota,1,1,U,307,0,0,220,1,15,103,60,1,6,0,1,33
31,Navarra,48,Barillas,1,1,U,165,0,0,146,1,0,109,16,8,2,0,0,10
31,Navarra,49,Basaburua,1,1,U,720,0,0,534,0,146,121,22,10,12,0,6,217
31,Navarra,50,Baztan,1,1,A,412,0,0,305,5,68,94,6,1,6,0,1,124
31,Navarra,50,Baztan,1,1,B,532,0,0,390,9,52,157,24,5,4,0,2,137
31,Navarra,50,Baztan,1,1,C,375,0,0,258,2,36,74,7,0,6,1,1,131
31,Navarra,50,Baztan,2,1,A,594,0,0,417,8,39,150,30,6,10,0,2,172
31,Navarra,50,Baztan,2,1,B,506,0,0,362,5,27,111,22,5,11,0,2,179
31,Navarra,50,Baztan,2,1,C,620,0,0,442,5,52,169,18,7,11,0,6,174
31,Navarra,50,Baztan,2,2,A,501,0,0,365,4,30,137,24,1,5,0,1,163
31,Navarra,50,Baztan,2,2,B,647,0,0,454,4,53,150,40,4,7,0,4,192
31,Navarra,50,Baztan,2,2,C,466,0,0,349,9,46,113,16,3,5,0,1,156
31,Navarra,50,Baztan,3,1,U,695,0,0,514,9,58,155,40,4,14,0,4,230
31,Navarra,50,Baztan,3,2,A,221,0,0,168,3,13,55,9,2,0,0,0,86
31,Navarra,50,Baztan,3,2,B,248,0,0,182,1,16,64,10,0,5,0,0,86
31,Navarra,50,Baztan,3,2,C,552,0,0,400,2,50,128,18,3,13,0,0,186
31,Navarra,51,Beire,1,1,U,257,0,0,190,1,2,83,55,4,15,0,4,26
31,Navarra,52,Belascoáin,1,1,U,79,0,0,64,1,3,31,8,4,5,2,2,8
31,Navarra,53,Berbinzana,1,1,U,585,0,0,502,3,6,210,135,16,15,0,10,107
31,Navarra,54,Bertizarana,1,1,U,517,0,0,316,0,0,92,36,10,8,2,2,166
31,Navarra,55,Betelu,1,1,U,279,0,0,194,3,11,26,13,1,3,2,0,135
31,Navarra,56,Biurrun-Olcoz,1,1,U,172,0,0,117,4,4,44,12,2,18,0,5,28
31,Navarra,57,Buñuel,1,1,A,452,0,0,405,5,7,243,117,4,15,0,2,12
31,Navarra,57,Buñuel,1,1,B,455,0,0,408,4,3,227,147,3,11,1,2,10
31,Navarra,57,Buñuel,2,1,A,490,0,0,432,5,1,265,135,6,8,0,3,9
31,Navarra,57,Buñuel,2,1,B,503,0,0,460,4,2,287,152,3,6,0,0,6
31,Navarra,58,Auritz/Burguete,1,1,U,263,0,0,209,2,4,77,15,5,5,0,2,99
31,Navarra,59,Burgui/Burgi,1,1,U,210,0,0,171,0,26,40,32,5,24,0,6,38
31,Navarra,60,Burlada/Burlata,1,1,A,610,0,0,432,5,24,105,84,17,33,1,12,151
31,Navarra,60,Burlada/Burlata,1,1,B,691,0,0,493,3,36,140,98,23,28,0,6,159
31,Navarra,60,Burlada/Burlata,1,1,C,573,0,0,394,3,17,105,94,19,16,1,11,128
31,Navarra,60,Burlada/Burlata,1,2,A,515,0,0,333,6,21,123,60,20,21,0,7,75
31,Navarra,60,Burlada/Burlata,1,2,B,544,0,0,373,10,15,143,87,10,22,0,7,79
31,Navarra,60,Burlada/Burlata,1,3,A,474,0,1,319,1,11,96,72,18,22,0,7,92
31,Navarra,60,Burlada/Burlata,1,3,B,527,0,0,335,7,14,84,96,26,22,1,8,77
31,Navarra,60,Burlada/Burlata,1,4,A,590,0,0,404,5,32,123,72,14,17,0,14,127
31,Navarra,60,Burlada/Burlata,1,4,B,571,0,0,361,3,27,132,73,12,22,1,11,80
31,Navarra,60,Burlada/Burlata,1,5,A,651,0,0,451,5,31,116,83,18,25,0,7,166
31,Navarra,60,Burlada/Burlata,1,5,B,724,0,0,481,10,22,135,105,23,25,0,17,144
31,Navarra,60,Burlada/Burlata,1,5,C,614,0,0,426,7,23,131,90,29,19,1,11,115
31,Navarra,60,Burlada/Burlata,2,1,A,530,0,0,325,0,0,94,75,18,26,0,10,102
31,Navarra,60,Burlada/Burlata,2,1,B,547,0,0,354,4,31,123,85,17,13,0,5,76
31,Navarra,60,Burlada/Burlata,2,2,A,468,0,0,304,6,19,103,56,9,12,0,13,86
31,Navarra,60,Burlada/Burlata,2,2,B,468,0,0,291,3,11,92,73,19,15,1,8,69
31,Navarra,60,Burlada/Burlata,2,3,A,381,0,0,217,0,18,51,49,13,11,1,8,66
31,Navarra,60,Burlada/Burlata,2,3,B,396,0,0,242,2,21,80,58,10,15,2,6,48
31,Navarra,60,Burlada/Burlata,2,4,A,596,0,0,419,3,25,135,74,24,21,0,9,128
31,Navarra,60,Burlada/Burlata,2,4,B,648,0,0,467,10,13,161,93,25,19,1,12,133
31,Navarra,60,Burlada/Burlata,2,5,A,616,0,0,448,7,32,129,110,31,17,0,7,115
31,Navarra,60,Burlada/Burlata,2,5,B,631,0,0,449,2,29,120,100,32,21,2,11,132
31,Navarra,60,Burlada/Burlata,2,6,A,358,0,0,232,2,19,60,49,12,12,0,5,73
31,Navarra,60,Burlada/Burlata,2,6,B,402,0,0,267,8,15,84,62,15,14,0,9,60
31,Navarra,61,Busto (El),1,1,U,73,0,0,62,2,0,27,14,0,13,0,3,3
31,Navarra,62,Cabanillas,1,1,A,559,0,0,488,12,10,183,228,14,3,3,16,19
31,Navarra,62,Cabanillas,1,1,B,554,0,0,496,8,12,205,204,26,6,4,10,21
31,Navarra,63,Cabredo,1,1,U,96,0,0,84,0,4,50,16,1,0,0,1,12
31,Navarra,64,Cadreita,1,1,A,534,0,0,485,7,3,228,192,10,13,0,7,25
31,Navarra,64,Cadreita,1,1,B,416,0,0,360,3,2,198,132,3,4,0,1,17
31,Navarra,64,Cadreita,1,1,C,549,0,0,492,3,4,200,222,7,7,0,3,46
31,Navarra,65,Caparroso,1,1,U,664,0,0,561,8,11,315,185,3,8,0,9,22
31,Navarra,65,Caparroso,2,1,A,623,0,0,531,9,12,236,199,7,8,0,9,51
31,Navarra,65,Caparroso,2,1,B,630,0,0,524,1,9,233,214,9,4,0,6,48
31,Navarra,66,Cárcar,1,1,A,476,0,0,436,7,7,181,197,7,4,1,6,26
31,Navarra,66,Cárcar,1,1,B,500,0,0,452,4,7,217,183,9,5,0,2,25
31,Navarra,67,Carcastillo,1,1,A,447,0,0,360,5,5,191,89,13,12,1,8,36
31,Navarra,67,Carcastillo,1,1,B,375,0,0,311,1,2,158,106,8,3,2,4,27
31,Navarra,67,Carcastillo,1,1,C,288,0,0,246,4,2,121,86,8,5,0,11,9
31,Navarra,67,Carcastillo,2,1,A,471,0,0,380,5,2,175,117,14,19,0,4,44
31,Navarra,67,Carcastillo,2,1,B,457,0,0,368,3,3,185,101,12,22,0,6,36
31,Navarra,68,Cascante,1,1,A,507,0,0,408,5,5,189,159,13,4,1,6,26
31,Navarra,68,Cascante,1,1,B,543,0,2,445,3,8,191,198,9,6,1,8,21
31,Navarra,68,Cascante,2,1,A,518,0,0,385,3,7,205,130,9,8,1,4,18
31,Navarra,68,Cascante,2,1,B,438,0,0,372,5,4,181,127,12,7,5,6,25
31,Navarra,68,Cascante,3,1,A,527,0,0,442,8,12,173,197,7,5,0,6,34
31,Navarra,68,Cascante,3,1,B,520,0,0,453,3,10,182,195,17,6,0,10,30
31,Navarra,69,Cáseda,1,1,A,482,0,0,405,5,16,198,111,13,11,0,8,43
31,Navarra,69,Cáseda,1,1,B,412,0,0,363,6,13,172,86,10,13,0,3,60
31,Navarra,70,Castejón,1,1,A,759,0,0,599,12,9,239,238,62,3,0,11,25
31,Navarra,70,Castejón,1,1,B,755,0,0,588,7,12,208,276,43,7,0,10,25
31,Navarra,70,Castejón,1,2,U,730,0,0,574,13,7,234,229,51,2,0,8,30
31,Navarra,70,Castejón,2,1,U,517,0,0,362,2,3,190,139,11,6,0,1,10
31,Navarra,71,Castillonuevo,1,1,U,18,0,0,15,0,0,10,5,0,0,0,0,0
31,Navarra,72,Cintruénigo,1,1,A,592,0,0,471,3,4,243,159,16,28,1,2,15
31,Navarra,72,Cintruénigo,1,1,B,541,0,0,429,6,4,216,156,8,21,1,4,13
31,Navarra,72,Cintruénigo,2,1,A,592,0,0,490,6,2,228,197,8,22,0,4,23
31,Navarra,72,Cintruénigo,2,1,B,659,0,0,550,6,0,261,210,13,35,0,8,17
31,Navarra,72,Cintruénigo,2,1,C,549,0,0,438,3,1,216,172,9,13,0,9,15
31,Navarra,72,Cintruénigo,2,2,A,662,0,0,563,7,4,294,205,13,16,0,5,19
31,Navarra,72,Cintruénigo,2,2,B,472,0,0,390,7,1,208,117,10,29,0,5,13
31,Navarra,72,Cintruénigo,2,2,C,742,0,0,598,3,4,323,210,10,17,0,7,24
31,Navarra,73,Ziordia,1,1,U,306,0,0,242,3,85,52,12,3,1,0,0,86
31,Navarra,74,Cirauqui,1,1,U,421,0,0,326,11,27,125,38,0,9,10,6,100
31,Navarra,75,Ciriza,1,1,U,99,0,0,62,0,5,18,6,2,2,0,0,29
31,Navarra,76,Cizur,1,1,A,382,0,0,318,8,4,226,15,2,27,0,1,35
31,Navarra,76,Cizur,1,1,B,456,0,0,376,3,5,240,48,9,19,0,8,44
31,Navarra,76,Cizur,1,1,C,279,0,0,222,4,5,80,35,5,17,0,6,70
31,Navarra,76,Cizur,1,1,D,263,0,0,222,13,16,71,33,8,5,0,11,65
31,Navarra,76,Cizur,1,1,E,355,0,0,283,0,5,128,53,13,15,0,7,62
31,Navarra,77,Corella,1,1,A,485,0,0,417,1,8,276,105,14,1,0,3,9
31,Navarra,77,Corella,1,1,B,417,0,0,340,4,2,202,102,9,7,0,1,13
31,Navarra,77,Corella,1,1,C,618,0,0,502,2,5,304,147,19,4,0,6,15
31,Navarra,77,Corella,1,2,A,570,0,0,488,5,6,286,156,13,4,0,1,17
31,Navarra,77,Corella,1,2,B,556,0,0,482,2,8,287,147,16,5,0,3,14
31,Navarra,77,Corella,1,2,C,774,0,0,636,4,12,381,185,29,8,0,4,13
31,Navarra,77,Corella,2,1,A,337,0,0,279,1,5,182,73,7,3,0,1,7
31,Navarra,77,Corella,2,1,B,345,0,0,255,2,2,163,61,13,2,0,1,11
31,Navarra,77,Corella,2,2,A,637,0,0,524,9,8,370,106,16,1,0,4,10
31,Navarra,77,Corella,2,2,B,681,0,0,555,8,2,378,132,15,5,0,4,11
31,Navarra,78,Cortes,1,1,A,456,0,0,345,10,4,149,126,8,10,0,4,34
31,Navarra,78,Cortes,1,1,B,521,0,0,432,7,5,190,175,9,12,0,6,28
31,Navarra,78,Cortes,2,1,A,772,0,0,617,11,16,266,257,13,13,0,9,32
31,Navarra,78,Cortes,2,1,B,807,0,0,673,15,14,282,285,19,13,0,8,37
31,Navarra,79,Desojo,1,1,U,102,0,0,94,0,0,63,15,2,1,1,0,12
31,Navarra,80,Dicastillo,1,1,U,571,0,0,446,4,9,191,109,16,15,7,11,84
31,Navarra,81,Donamaria,1,1,U,334,0,0,223,2,21,51,12,2,13,0,0,122
31,Navarra,82,Etxalar,1,1,U,649,0,0,487,14,105,89,15,4,11,0,0,249
31,Navarra,83,Echarri,1,1,U,54,0,0,43,3,5,14,2,3,0,0,2,14
31,Navarra,84,Etxarri-Aranatz,1,1,A,527,0,0,393,5,119,64,18,2,11,0,1,173
31,Navarra,84,Etxarri-Aranatz,1,1,B,448,0,0,318,4,97,52,17,3,7,0,1,137
31,Navarra,84,Etxarri-Aranatz,1,1,C,34,0,0,30,0,22,0,0,0,0,0,0,8
31,Navarra,84,Etxarri-Aranatz,2,1,A,472,0,0,330,0,118,44,14,3,13,1,1,136
31,Navarra,84,Etxarri-Aranatz,2,1,B,449,0,0,314,1,103,47,12,3,3,0,2,143
31,Navarra,85,Etxauri,1,1,U,424,0,0,335,5,64,53,36,13,12,0,5,147
31,Navarra,86,Eg és,1,1,A,654,0,0,515,12,15,286,50,14,20,0,10,108
31,Navarra,86,Eg és,1,1,B,351,0,0,283,2,8,117,28,14,24,0,4,86
31,Navarra,86,Eg és,1,1,C,571,0,0,453,6,33,210,57,18,23,0,8,98
31,Navarra,86,Eg és,1,4,A,617,0,0,507,10,0,347,48,3,26,0,7,66
31,Navarra,86,Eg és,1,4,B,589,0,0,450,4,2,300,51,4,29,0,3,57
31,Navarra,86,Eg és,1,5,A,431,0,0,347,4,5,231,28,9,19,1,3,47
31,Navarra,86,Eg és,1,5,B,422,0,0,343,7,3,248,29,3,18,0,5,30
31,Navarra,86,Eg és,1,6,A,635,0,0,448,5,15,113,77,54,22,2,10,150
31,Navarra,86,Eg és,1,6,B,634,0,0,458,3,24,119,95,42,16,0,13,146
31,Navarra,87,Elgorriaga,1,1,U,170,0,0,156,0,23,28,5,1,14,0,1,84
31,Navarra,88,Noáin (Valle de Elorz)/Noain (Elortzibar),1,1,A,584,0,0,399,4,14,186,69,17,14,1,12,82
31,Navarra,88,Noáin (Valle de Elorz)/Noain (Elortzibar),1,1,B,679,0,0,450,4,19,215,65,21,17,2,17,90
31,Navarra,88,Noáin (Valle de Elorz)/Noain (Elortzibar),1,1,C,596,0,0,388,9,13,147,95,21,12,0,9,82
31,Navarra,88,Noáin (Valle de Elorz)/Noain (Elortzibar),1,2,A,515,0,0,360,4,11,171,71,13,10,0,8,72
31,Navarra,88,Noáin (Valle de Elorz)/Noain (Elortzibar),1,2,B,582,0,0,394,6,12,179,64,16,14,0,7,96
31,Navarra,88,Noáin (Valle de Elorz)/Noain (Elortzibar),1,2,C,543,0,0,399,3,11,190,84,15,14,0,13,69
31,Navarra,88,Noáin (Valle de Elorz)/Noain (Elortzibar),1,3,U,589,0,0,441,12,14,162,75,12,44,1,6,115
31,Navarra,89,Enériz,1,1,U,217,0,0,172,4,0,89,9,5,44,0,0,21
31,Navarra,90,Eratsun,1,1,U,161,0,0,85,0,1,19,4,2,4,0,0,55
31,Navarra,91,Ergoiena,1,1,U,393,0,0,290,8,59,33,19,2,10,5,0,154
31,Navarra,92,Erro,1,1,A,243,0,0,193,2,6,76,28,4,16,0,1,60
31,Navarra,92,Erro,1,1,B,405,0,0,299,3,36,72,29,4,19,0,0,136
31,Navarra,93,Ezcároz/Ezkaroze,1,1,U,323,0,0,290,1,21,58,54,7,29,0,2,118
31,Navarra,94,Eslava,1,1,U,133,0,0,98,4,5,58,18,0,2,0,0,11
31,Navarra,95,Esparza de Salazar,1,1,U,98,0,0,85,1,19,12,23,2,1,0,2,25
31,Navarra,96,Espronceda,1,1,U,140,0,0,113,1,13,58,17,4,2,4,2,12
31,Navarra,97,Estella/Lizarra,1,1,A,366,0,0,257,0,27,93,58,6,4,0,4,65
31,Navarra,97,Estella/Lizarra,1,1,B,382,0,0,264,0,19,126,53,11,7,1,2,45
31,Navarra,97,Estella/Lizarra,1,2,A,594,0,0,391,7,21,161,87,17,12,1,8,77
31,Navarra,97,Estella/Lizarra,1,2,B,608,0,0,407,2,27,165,85,24,17,1,5,81
31,Navarra,97,Estella/Lizarra,2,1,A,346,0,0,192,0,18,58,49,3,9,0,5,50
31,Navarra,97,Estella/Lizarra,2,1,B,421,0,0,245,6,20,88,52,7,18,0,4,50
31,Navarra,97,Estella/Lizarra,2,2,A,549,0,0,388,3,27,177,57,14,15,2,7,86
31,Navarra,97,Estella/Lizarra,2,2,B,617,0,0,446,3,23,195,58,26,16,4,10,111
31,Navarra,97,Estella/Lizarra,2,3,A,427,0,0,304,5,23,131,54,10,16,1,6,58
31,Navarra,97,Estella/Lizarra,2,3,B,425,0,0,308,4,15,136,46,11,15,3,8,70
31,Navarra,97,Estella/Lizarra,2,4,A,480,0,0,345,5,24,128,56,13,27,0,7,85
31,Navarra,97,Estella/Lizarra,2,4,B,537,0,0,373,3,22,145,73,13,28,0,5,84
31,Navarra,97,Estella/Lizarra,2,4,C,480,0,0,336,3,13,124,59,10,24,1,7,95
31,Navarra,97,Estella/Lizarra,2,5,A,493,0,0,377,3,11,176,49,20,15,0,16,87
31,Navarra,97,Estella/Lizarra,2,5,B,481,0,0,370,3,14,185,44,17,13,0,7,87
31,Navarra,97,Estella/Lizarra,2,6,A,463,0,0,377,5,17,204,45,9,19,0,6,72
31,Navarra,97,Estella/Lizarra,2,6,B,479,0,0,406,2,19,216,63,9,20,0,3,74
31,Navarra,97,Estella/Lizarra,2,6,C,496,0,0,398,1,13,217,47,11,24,0,9,76
31,Navarra,97,Estella/Lizarra,2,7,A,351,0,0,265,3,21,103,37,12,7,0,2,80
31,Navarra,97,Estella/Lizarra,2,7,B,376,0,0,282,3,11,108,55,9,8,0,4,84
31,Navarra,97,Estella/Lizarra,3,1,A,536,0,0,379,2,23,141,63,20,21,1,6,102
31,Navarra,97,Estella/Lizarra,3,1,B,547,0,0,402,9,24,163,71,17,21,1,9,87
31,Navarra,98,Esteribar,1,1,A,368,0,0,289,8,33,89,32,5,23,0,4,95
31,Navarra,98,Esteribar,1,1,B,472,0,0,372,10,17,156,39,12,25,0,7,106
31,Navarra,98,Esteribar,1,1,C,338,0,0,249,8,12,72,20,3,3,0,3,128
31,Navarra,98,Esteribar,1,1,D,341,0,0,270,5,7,102,31,12,12,0,6,95
31,Navarra,99,Etayo,1,1,U,70,0,0,69,0,0,35,10,2,3,0,0,19
31,Navarra,100,Eulate,1,1,U,308,0,0,211,1,2,122,24,4,10,0,5,43
31,Navarra,101,Ezcabarte,1,1,A,725,0,0,523,5,36,176,62,17,47,1,9,170
31,Navarra,101,Ezcabarte,1,1,B,505,0,0,374,5,42,128,35,17,22,1,7,117
31,Navarra,102,Ezkurra,1,1,U,180,0,0,92,1,11,16,5,7,3,0,3,46
31,Navarra,103,Ezprogui,1,1,U,52,0,0,39,2,2,25,8,1,0,0,0,1
31,Navarra,104,Falces,1,1,A,511,0,0,406,3,12,154,145,23,16,0,3,50
31,Navarra,104,Falces,1,1,B,485,0,0,371,9,13,142,122,17,19,1,4,44
31,Navarra,104,Falces,2,1,A,568,0,0,383,7,13,161,109,13,14,1,8,57
31,Navarra,104,Falces,2,1,B,474,0,0,363,6,10,160,113,17,12,0,1,44
31,Navarra,105,Fitero,1,1,U,725,0,0,638,5,3,368,236,6,7,0,2,11
31,Navarra,105,Fitero,2,1,A,509,0,0,450,6,5,225,194,5,3,0,0,12
31,Navarra,105,Fitero,2,1,B,489,0,0,454,2,1,267,164,4,4,0,2,10
31,Navarra,106,Fontellas,1,1,U,635,0,0,546,1,2,278,219,7,6,1,4,28
31,Navarra,107,Funes,1,1,A,381,0,0,320,4,2,235,61,4,4,1,1,8
31,Navarra,107,Funes,1,1,B,360,0,0,298,5,1,201,72,6,7,0,2,4
31,Navarra,107,Funes,2,1,A,496,0,0,434,5,2,329,71,2,12,0,4,9
31,Navarra,107,Funes,2,1,B,469,0,0,407,4,3,285,88,5,13,0,0,9
31,Navarra,108,Fustiñana,1,1,A,560,0,0,491,9,2,281,157,14,1,3,3,21
31,Navarra,108,Fustiñana,1,1,B,508,0,0,427,10,1,250,139,7,2,0,4,14
31,Navarra,108,Fustiñana,2,1,A,495,0,0,422,1,5,240,141,6,4,0,4,21
31,Navarra,108,Fustiñana,2,1,B,417,0,0,364,4,8,195,131,4,3,0,4,15
31,Navarra,109,Galar,1,1,A,510,0,0,406,3,45,130,63,24,26,0,7,108
31,Navarra,109,Galar,1,1,B,637,0,0,504,9,32,154,79,22,47,2,8,151
31,Navarra,110,Gallipienzo,1,1,U,123,0,0,83,1,2,32,26,5,5,0,0,12
31,Navarra,111,Gallués/Galoze,1,1,U,104,0,0,84,0,5,23,12,2,9,0,6,27
31,Navarra,112,Garaioa,1,1,U,112,0,0,76,0,3,25,6,5,12,0,2,23
31,Navarra,113,Garde,1,1,U,160,0,0,109,0,1,45,23,3,5,0,2,30
31,Navarra,114,Garínoain,1,1,U,368,0,0,296,5,11,104,64,19,23,1,19,50
31,Navarra,115,Garralda,1,1,U,179,0,0,128,2,8,30,9,8,9,0,1,61
31,Navarra,116,Genevilla,1,1,U,91,0,0,66,2,2,46,8,1,0,0,1,6
31,Navarra,117,Goizueta,1,1,A,326,0,0,276,1,136,7,3,2,6,0,1,120
31,Navarra,117,Goizueta,1,1,B,373,0,0,310,7,148,11,7,2,5,0,1,129
31,Navarra,118,Goñi,1,1,U,169,0,0,113,3,0,37,16,8,5,1,1,42
31,Navarra,119,G esa/Gorza,1,1,U,62,0,0,35,0,0,13,6,2,4,0,1,9
31,Navarra,120,Guesálaz,1,1,U,415,0,0,302,4,13,118,31,7,18,2,3,106
31,Navarra,121,Guirguillano,1,1,U,80,0,0,58,3,1,24,5,4,5,0,1,15
31,Navarra,122,Huarte/Uharte,1,1,A,486,0,0,360,3,31,117,40,21,18,0,5,125
31,Navarra,122,Huarte/Uharte,1,1,B,476,0,0,367,4,24,132,51,12,18,0,5,121
31,Navarra,122,Huarte/Uharte,1,2,A,603,0,0,441,3,39,124,60,23,21,0,6,165
31,Navarra,122,Huarte/Uharte,1,2,B,660,0,0,496,7,43,150,87,18,29,0,10,152
31,Navarra,122,Huarte/Uharte,1,2,C,519,0,0,389,9,32,127,50,12,28,0,7,124
31,Navarra,122,Huarte/Uharte,1,3,A,567,0,0,440,12,29,122,70,22,27,0,11,147
31,Navarra,122,Huarte/Uharte,1,3,B,577,0,0,421,7,25,113,66,14,31,0,8,157
31,Navarra,123,Uharte-Arakil,1,1,U,621,0,0,448,16,57,123,50,7,28,0,14,153
31,Navarra,124,Ibargoiti,1,1,U,222,0,0,174,2,3,95,17,4,11,0,7,35
31,Navarra,125,Igúzquiza,1,1,U,276,0,0,193,3,13,106,22,0,10,2,4,33
31,Navarra,126,Imotz,1,1,U,380,0,0,214,3,1,51,23,5,6,0,3,122
31,Navarra,127,Irañeta,1,1,U,139,0,0,94,4,16,39,7,2,3,0,6,17
31,Navarra,128,Isaba/Izaba,1,1,U,401,0,0,346,16,29,111,48,29,21,1,10,81
31,Navarra,129,Ituren,1,1,U,394,0,0,274,6,57,32,18,0,7,0,1,153
31,Navarra,130,Iturmendi,1,1,U,300,0,0,218,2,36,90,22,4,7,0,0,57
31,Navarra,131,Iza,1,1,A,226,0,0,182,2,9,64,9,8,12,1,4,73
31,Navarra,131,Iza,1,1,B,501,0,0,378,8,4,165,40,16,28,1,4,112
31,Navarra,132,Izagaondoa,1,1,U,157,0,0,127,4,8,46,14,5,13,0,2,35
31,Navarra,133,Izalzu/Itzaltzu,1,1,U,45,0,0,37,0,11,6,10,0,1,0,0,9
31,Navarra,134,Jaurrieta,1,1,U,203,0,0,148,1,13,58,22,5,7,0,2,40
31,Navarra,135,Javier,1,1,U,101,0,0,77,5,0,46,14,1,7,0,1,3
31,Navarra,136,Juslapeña,1,1,A,204,0,0,142,1,29,37,11,10,12,0,4,38
31,Navarra,136,Juslapeña,1,1,B,217,0,0,146,8,10,42,19,6,6,0,2,53
31,Navarra,137,Beintza-Labaien,1,1,U,222,0,0,123,1,1,52,7,1,5,0,1,55
31,Navarra,138,Lakuntza,1,1,U,895,0,0,752,10,235,94,59,17,16,2,7,312
31,Navarra,139,Lana,1,1,U,171,0,0,121,2,2,69,18,5,2,0,1,22
31,Navarra,140,Lantz,1,1,U,110,0,0,102,4,4,41,6,2,4,0,0,41
31,Navarra,141,Lapoblación,1,1,U,142,0,0,109,2,0,71,12,2,4,1,3,14
31,Navarra,142,Larraga,1,1,A,549,0,0,362,3,24,144,105,17,22,0,4,43
31,Navarra,142,Larraga,1,1,B,397,0,0,306,3,17,134,83,15,19,0,4,31
31,Navarra,142,Larraga,1,1,C,532,0,0,376,3,27,131,130,17,18,7,10,33
31,Navarra,143,Larraona,1,1,U,118,0,0,65,0,0,50,5,1,4,0,1,4
31,Navarra,144,Larraun,1,1,A,276,0,0,234,4,41,58,22,3,5,0,0,101
31,Navarra,144,Larraun,1,1,B,344,0,0,243,6,35,47,7,5,12,0,1,130
31,Navarra,144,Larraun,1,1,C,252,0,0,196,5,57,55,11,5,4,1,0,58
31,Navarra,145,Lazagurría,1,1,U,176,0,0,147,2,0,95,38,3,5,0,0,4
31,Navarra,146,Leache,1,1,U,44,0,0,36,0,1,16,5,0,7,0,0,7
31,Navarra,147,Legarda,1,1,U,100,0,0,86,1,1,51,6,4,2,0,4,17
31,Navarra,148,Legaria,1,1,U,109,0,0,86,3,0,33,26,5,4,0,4,11
31,Navarra,149,Leitza,1,1,A,576,0,0,453,6,157,64,16,6,13,1,4,186
31,Navarra,149,Leitza,1,1,B,588,0,0,444,12,108,91,26,6,13,0,5,183
31,Navarra,149,Leitza,1,2,A,605,0,0,460,2,178,52,30,6,4,0,1,187
31,Navarra,149,Leitza,1,2,B,647,0,0,467,8,136,76,30,6,6,1,3,201
31,Navarra,150,Leoz,1,1,U,252,0,0,199,3,14,57,27,12,10,1,9,66
31,Navarra,151,Lerga,1,1,U,69,0,0,54,5,1,35,5,0,1,0,2,5
31,Navarra,152,Lerín,1,1,A,282,0,0,235,4,3,124,48,11,15,0,4,26
31,Navarra,152,Lerín,1,1,B,374,0,0,304,5,1,152,53,8,36,0,0,49
31,Navarra,152,Lerín,2,1,A,421,0,0,347,6,7,157,85,18,21,0,8,45
31,Navarra,152,Lerín,2,1,B,403,0,0,337,2,6,160,83,10,27,0,1,48
31,Navarra,153,Lesaka,1,1,A,467,0,0,337,2,41,51,27,9,4,0,0,203
31,Navarra,153,Lesaka,1,1,B,485,0,0,371,3,62,54,43,11,6,0,2,190
31,Navarra,153,Lesaka,2,1,A,606,0,0,457,3,75,66,33,5,13,1,1,260
31,Navarra,153,Lesaka,2,1,B,700,0,0,534,8,88,69,36,4,12,1,3,313
31,Navarra,154,Lezáun,1,1,U,226,0,0,143,5,8,41,15,15,9,0,4,46
31,Navarra,155,Liédena,1,1,U,280,0,0,214,4,5,74,88,11,10,0,4,18
31,Navarra,156,Lizoáin,1,1,U,245,0,0,216,6,20,68,35,6,13,0,1,67
31,Navarra,157,Lodosa,1,1,A,623,0,0,453,6,13,228,141,17,6,0,5,37
31,Navarra,157,Lodosa,1,1,B,548,0,0,396,4,10,183,126,21,2,0,8,42
31,Navarra,157,Lodosa,1,2,A,631,0,0,495,10,11,297,112,12,11,0,5,37
31,Navarra,157,Lodosa,1,2,B,660,0,0,538,6,7,297,157,16,7,0,3,45
31,Navarra,157,Lodosa,2,1,A,607,0,0,439,3,13,211,153,11,5,0,4,39
31,Navarra,157,Lodosa,2,1,B,579,0,0,460,6,9,213,167,15,7,0,6,37
31,Navarra,158,Lónguida/Longida,1,1,U,263,0,0,225,0,24,78,15,5,10,1,9,83
31,Navarra,159,Lumbier,1,1,A,629,0,0,547,8,62,167,34,13,115,4,6,138
31,Navarra,159,Lumbier,1,1,B,535,0,0,451,3,34,131,36,10,84,7,11,135
31,Navarra,160,Luquin,1,1,U,107,0,0,82,0,2,37,15,3,4,1,4,16
31,Navarra,161,Mañeru,1,1,U,296,0,0,245,2,14,67,45,13,8,1,5,90
31,Navarra,162,Marañón,1,1,U,57,0,0,41,0,0,14,14,0,1,0,2,10
31,Navarra,163,Marcilla,1,1,U,766,0,0,599,5,4,327,176,38,10,0,6,33
31,Navarra,163,Marcilla,2,1,A,603,0,0,477,4,1,236,154,35,14,0,4,29
31,Navarra,163,Marcilla,2,1,B,632,0,0,501,5,4,231,169,48,9,2,4,29
31,Navarra,164,Mélida,1,1,U,643,0,0,569,8,5,268,233,15,13,0,2,25
31,Navarra,165,Mendavia,1,1,A,448,0,0,348,4,3,130,161,26,10,0,0,14
31,Navarra,165,Mendavia,1,1,B,400,0,0,294,6,4,116,122,17,9,0,7,13
31,Navarra,165,Mendavia,1,1,C,489,0,0,380,8,0,148,174,25,7,1,0,17
31,Navarra,165,Mendavia,2,1,A,547,0,0,447,4,5,192,172,28,13,0,7,26
31,Navarra,165,Mendavia,2,1,B,531,0,0,406,10,2,198,143,13,18,0,6,16
31,Navarra,165,Mendavia,2,1,C,574,0,0,461,12,4,196,190,16,15,0,7,21
31,Navarra,166,Mendaza,1,1,U,281,0,0,204,1,2,130,28,9,8,0,3,23
31,Navarra,167,Mendigorría,1,1,U,857,0,0,688,16,31,296,115,36,21,3,17,153
31,Navarra,168,Metauten,1,1,U,248,0,0,199,3,7,97,25,1,13,0,3,50
31,Navarra,169,Milagro,1,1,A,416,0,0,352,1,0,217,123,3,2,0,0,6
31,Navarra,169,Milagro,1,1,B,350,0,0,298,2,1,184,99,2,4,0,0,6
31,Navarra,169,Milagro,2,1,A,458,0,0,413,5,7,200,171,8,2,0,2,18
31,Navarra,169,Milagro,2,1,B,490,0,0,444,6,8,254,158,3,4,0,1,10
31,Navarra,169,Milagro,2,1,C,425,0,0,384,3,5,205,147,4,4,0,0,16
31,Navarra,170,Mirafuentes,1,1,U,45,0,0,34,2,3,14,6,2,1,0,0,6
31,Navarra,171,Miranda de Arga,1,1,A,382,0,0,336,4,10,99,139,21,6,1,5,51
31,Navarra,171,Miranda de Arga,1,1,B,388,0,0,317,6,8,96,148,11,4,1,6,37
31,Navarra,172,Monreal,1,1,U,353,0,0,267,10,6,115,44,4,26,0,9,53
31,Navarra,173,Monteagudo,1,1,A,384,0,0,363,5,0,201,149,2,3,0,1,2
31,Navarra,173,Monteagudo,1,1,B,574,0,0,525,4,3,270,222,8,7,0,1,10
31,Navarra,174,Morentin,1,1,U,121,0,0,86,1,2,47,17,1,3,1,5,9
31,Navarra,175,Mues,1,1,U,91,0,0,74,0,1,47,7,0,8,0,0,11
31,Navarra,176,Murchante,1,1,A,802,0,0,637,16,8,339,207,18,14,0,6,29
31,Navarra,176,Murchante,1,1,B,813,0,0,650,12,13,320,237,18,13,2,7,28
31,Navarra,176,Murchante,2,1,U,955,0,0,735,11,11,410,244,22,9,0,5,23
31,Navarra,177,Murieta,1,1,U,244,0,0,157,1,5,79,31,5,4,0,1,31
31,Navarra,178,Murillo el Cuende,1,1,A,46,0,0,38,2,0,13,19,1,0,0,0,3
31,Navarra,178,Murillo el Cuende,1,1,B,449,0,0,403,10,5,205,152,0,9,0,7,15
31,Navarra,178,Murillo el Cuende,1,1,C,55,0,0,44,1,0,37,3,0,2,0,0,1
31,Navarra,179,Murillo el Fruto,1,1,U,595,0,0,505,0,0,255,191,14,10,1,3,31
31,Navarra,180,Muruzábal,1,1,U,254,0,0,192,9,5,86,21,9,9,3,7,43
31,Navarra,181,Navascués,1,1,U,180,0,0,135,3,17,48,19,5,11,0,4,28
31,Navarra,182,Nazar,1,1,U,47,0,0,34,2,1,12,0,2,3,2,0,12
31,Navarra,183,Obanos,1,1,U,668,0,0,537,13,17,221,73,25,51,1,4,132
31,Navarra,184,Oco,1,1,U,64,0,0,50,2,6,20,0,1,4,0,0,17
31,Navarra,185,Ochagavía,1,1,U,551,0,0,482,8,52,214,30,19,25,0,5,129
31,Navarra,186,Odieta,1,1,U,285,0,0,181,2,25,61,13,2,12,0,0,66
31,Navarra,187,Oitz,1,1,U,119,0,0,57,0,1,7,9,1,1,0,0,38
31,Navarra,188,Olaibar,1,1,U,158,0,0,126,2,1,44,14,5,3,0,2,55
31,Navarra,189,Olazti/Olazagutía,1,1,A,397,0,0,268,2,89,48,22,2,8,0,0,97
31,Navarra,189,Olazti/Olazagutía,1,1,B,445,0,0,311,5,89,55,42,4,4,0,3,109
31,Navarra,189,Olazti/Olazagutía,1,1,C,469,0,0,322,1,77,54,42,6,5,0,3,134
31,Navarra,190,Olejua,1,1,U,53,0,0,46,0,1,26,12,1,3,0,0,3
31,Navarra,191,Olite,1,1,A,760,0,0,618,7,12,270,185,16,25,1,9,93
31,Navarra,191,Olite,1,1,B,761,0,0,605,13,8,252,193,16,22,1,15,85
31,Navarra,191,Olite,2,1,A,595,0,0,465,5,5,192,152,11,11,1,6,82
31,Navarra,191,Olite,2,1,B,626,0,0,473,5,7,212,136,20,17,0,6,70
31,Navarra,192,Olóriz,1,1,U,163,0,0,119,2,6,37,12,11,10,0,4,37
31,Navarra,193,Olza,1,1,A,306,0,0,258,5,24,77,38,8,13,0,1,92
31,Navarra,193,Olza,1,1,B,520,0,0,396,8,29,145,50,18,18,0,7,121
31,Navarra,193,Olza,1,1,C,401,0,0,313,7,12,148,29,14,12,0,8,83
31,Navarra,194,Ollo,1,1,U,304,0,0,240,1,15,67,26,7,25,1,7,91
31,Navarra,195,Orbaitzeta,1,1,U,194,0,0,127,1,30,37,8,1,7,0,0,43
31,Navarra,196,Orbara,1,1,U,45,0,0,39,0,7,8,7,5,3,0,1,8
31,Navarra,197,Orísoain,1,1,U,63,0,0,53,2,0,23,16,2,1,0,0,9
31,Navarra,198,Oronz,1,1,U,42,0,0,35,1,13,4,6,2,3,1,0,5
31,Navarra,199,Oroz-Betelu,1,1,U,184,0,0,127,3,12,44,17,3,6,0,2,40
31,Navarra,200,Oteiza,1,1,U,793,0,0,627,13,69,119,241,22,18,0,5,140
31,Navarra,201,Pamplona/Iruña,1,1,U,671,0,0,458,1,59,95,55,18,13,0,6,211
31,Navarra,201,Pamplona/Iruña,1,2,U,469,0,0,343,4,48,96,39,21,10,0,8,117
31,Navarra,201,Pamplona/Iruña,1,3,U,700,0,0,554,2,52,149,53,29,20,0,14,235
31,Navarra,201,Pamplona/Iruña,1,4,A,375,0,0,267,2,23,55,35,10,12,0,5,125
31,Navarra,201,Pamplona/Iruña,1,4,B,346,0,0,256,1,29,48,46,6,8,0,5,113
31,Navarra,201,Pamplona/Iruña,1,5,A,408,0,0,291,3,21,68,38,23,4,0,6,128
31,Navarra,201,Pamplona/Iruña,1,5,B,426,0,0,293,1,42,66,32,13,6,1,5,127
31,Navarra,201,Pamplona/Iruña,1,6,U,673,0,0,500,5,40,185,52,16,27,0,4,171
31,Navarra,201,Pamplona/Iruña,1,7,U,583,0,0,424,3,19,121,54,29,21,0,7,170
31,Navarra,201,Pamplona/Iruña,1,8,U,591,0,0,451,2,24,191,59,19,11,0,7,138
31,Navarra,201,Pamplona/Iruña,1,9,A,385,0,0,287,4,22,100,37,16,9,0,1,98
31,Navarra,201,Pamplona/Iruña,1,9,B,331,0,0,244,4,24,71,23,14,13,0,6,89
31,Navarra,201,Pamplona/Iruña,1,10,A,374,0,0,294,3,25,90,36,14,14,2,5,105
31,Navarra,201,Pamplona/Iruña,1,10,B,435,0,0,336,1,43,111,34,20,13,0,4,110
31,Navarra,201,Pamplona/Iruña,1,11,A,350,0,0,237,37,0,40,30,17,7,1,7,98
31,Navarra,201,Pamplona/Iruña,1,11,B,344,0,0,230,2,40,46,39,18,9,0,5,71
31,Navarra,201,Pamplona/Iruña,1,12,U,601,0,0,384,3,63,58,57,17,9,0,9,168
31,Navarra,201,Pamplona/Iruña,1,13,A,418,0,0,287,1,35,74,40,13,5,0,8,111
31,Navarra,201,Pamplona/Iruña,1,13,B,479,0,0,345,4,31,92,40,10,10,0,7,151
31,Navarra,201,Pamplona/Iruña,2,1,A,436,0,0,349,7,10,198,31,6,14,0,0,83
31,Navarra,201,Pamplona/Iruña,2,1,B,452,1,0,344,10,6,168,44,10,17,0,1,88
31,Navarra,201,Pamplona/Iruña,2,2,A,421,0,0,342,5,5,223,32,6,19,1,2,49
31,Navarra,201,Pamplona/Iruña,2,2,B,492,0,0,396,8,2,260,29,7,30,3,1,56
31,Navarra,201,Pamplona/Iruña,2,3,A,297,0,0,250,2,4,163,13,6,13,1,3,45
31,Navarra,201,Pamplona/Iruña,2,3,B,433,0,0,355,3,6,218,34,4,30,2,1,57
31,Navarra,201,Pamplona/Iruña,2,4,A,546,0,0,453,6,4,318,34,10,24,0,3,54
31,Navarra,201,Pamplona/Iruña,2,4,B,517,0,0,417,2,8,301,35,3,26,0,5,37
31,Navarra,201,Pamplona/Iruña,2,4,C,528,0,0,418,4,4,313,33,8,25,0,3,28
31,Navarra,201,Pamplona/Iruña,2,5,A,427,0,0,334,4,2,215,23,4,29,0,1,56
31,Navarra,201,Pamplona/Iruña,2,5,B,546,0,0,440,1,7,268,48,7,35,1,3,70
31,Navarra,201,Pamplona/Iruña,2,5,C,451,0,0,376,6,2,255,24,8,25,0,0,56
31,Navarra,201,Pamplona/Iruña,2,6,A,567,0,0,447,7,13,241,42,16,22,2,5,99
31,Navarra,201,Pamplona/Iruña,2,6,B,524,0,0,409,6,6,234,42,5,22,1,4,89
31,Navarra,201,Pamplona/Iruña,2,7,A,407,0,0,346,3,2,207,30,7,23,0,4,70
31,Navarra,201,Pamplona/Iruña,2,7,B,429,0,0,348,4,2,217,30,8,21,0,3,63
31,Navarra,201,Pamplona/Iruña,2,8,A,471,1,0,364,3,10,182,52,5,19,0,3,90
31,Navarra,201,Pamplona/Iruña,2,8,B,490,0,0,378,6,8,178,55,11,19,0,4,97
31,Navarra,201,Pamplona/Iruña,2,9,A,527,0,0,398,4,10,166,69,13,13,2,3,118
31,Navarra,201,Pamplona/Iruña,2,9,B,477,0,0,357,2,6,132,73,18,24,2,4,96
31,Navarra,201,Pamplona/Iruña,2,10,A,481,0,0,378,7,3,187,60,11,26,0,2,82
31,Navarra,201,Pamplona/Iruña,2,10,B,499,0,0,390,3,9,202,53,12,25,0,0,86
31,Navarra,201,Pamplona/Iruña,2,11,A,543,0,0,426,10,1,184,62,18,30,1,3,117
31,Navarra,201,Pamplona/Iruña,2,11,B,550,0,0,447,3,6,187,63,13,34,3,12,126
31,Navarra,201,Pamplona/Iruña,2,12,A,596,0,0,476,10,12,252,46,22,21,0,2,111
31,Navarra,201,Pamplona/Iruña,2,12,B,576,0,0,454,8,15,247,53,14,28,0,2,87
31,Navarra,201,Pamplona/Iruña,2,13,A,375,0,0,297,4,0,210,25,7,19,0,1,31
31,Navarra,201,Pamplona/Iruña,2,13,B,315,0,0,263,5,5,165,23,5,29,1,2,28
31,Navarra,201,Pamplona/Iruña,2,14,A,594,0,0,490,9,13,296,39,4,24,0,4,101
31,Navarra,201,Pamplona/Iruña,2,14,B,544,0,0,477,2,7,313,30,8,25,0,4,88
31,Navarra,201,Pamplona/Iruña,2,15,A,349,0,0,281,1,12,142,35,6,10,1,1,73
31,Navarra,201,Pamplona/Iruña,2,15,B,418,0,0,335,1,10,180,44,16,16,1,5,62
31,Navarra,201,Pamplona/Iruña,2,16,A,370,0,0,282,1,9,109,42,13,17,0,4,87
31,Navarra,201,Pamplona/Iruña,2,16,B,376,0,0,272,2,6,103,48,11,8,0,3,91
31,Navarra,201,Pamplona/Iruña,2,17,A,384,0,0,294,2,2,199,24,8,12,0,1,46
31,Navarra,201,Pamplona/Iruña,2,17,B,330,0,0,261,7,3,177,18,5,14,0,2,35
31,Navarra,201,Pamplona/Iruña,3,1,A,367,0,0,270,3,16,121,46,6,13,1,2,62
31,Navarra,201,Pamplona/Iruña,3,1,B,336,0,0,243,1,9,105,38,9,17,0,1,63
31,Navarra,201,Pamplona/Iruña,3,2,A,401,0,0,315,1,9,199,40,6,13,0,1,46
31,Navarra,201,Pamplona/Iruña,3,2,B,387,0,0,318,5,5,182,44,12,15,0,1,54
31,Navarra,201,Pamplona/Iruña,3,3,A,406,0,0,320,2,17,141,35,18,23,1,1,82
31,Navarra,201,Pamplona/Iruña,3,3,B,528,0,0,421,4,19,193,59,19,22,0,6,99
31,Navarra,201,Pamplona/Iruña,3,3,C,449,0,0,350,0,9,150,59,23,22,0,1,86
31,Navarra,201,Pamplona/Iruña,3,4,A,348,0,0,250,2,13,74,56,8,10,0,7,80
31,Navarra,201,Pamplona/Iruña,3,4,B,311,0,0,208,1,10,72,38,15,10,0,1,61
31,Navarra,201,Pamplona/Iruña,3,5,A,467,0,0,347,4,19,126,53,22,12,0,3,108
31,Navarra,201,Pamplona/Iruña,3,5,B,442,1,0,340,3,11,165,59,14,20,1,1,66
31,Navarra,201,Pamplona/Iruña,3,6,A,409,0,0,333,3,2,207,42,4,16,0,1,58
31,Navarra,201,Pamplona/Iruña,3,6,B,448,0,0,372,6,6,207,45,17,17,0,3,71
31,Navarra,201,Pamplona/Iruña,3,6,C,454,0,0,368,3,8,208,39,9,27,0,2,72
31,Navarra,201,Pamplona/Iruña,3,7,A,552,0,0,461,8,9,273,47,9,30,0,6,79
31,Navarra,201,Pamplona/Iruña,3,7,B,530,0,0,427,6,10,286,38,12,29,0,2,44
31,Navarra,201,Pamplona/Iruña,3,8,A,351,0,0,255,0,10,99,48,7,16,0,4,71
31,Navarra,201,Pamplona/Iruña,3,8,B,421,0,0,319,3,17,122,75,11,18,0,3,70
31,Navarra,201,Pamplona/Iruña,3,8,C,352,0,0,245,2,6,94,36,13,12,0,3,79
31,Navarra,201,Pamplona/Iruña,3,9,A,452,0,0,346,2,14,137,60,16,10,0,2,105
31,Navarra,201,Pamplona/Iruña,3,9,B,428,0,0,307,5,4,106,73,14,19,3,4,79
31,Navarra,201,Pamplona/Iruña,3,10,A,466,0,0,356,3,18,143,66,27,16,0,1,82
31,Navarra,201,Pamplona/Iruña,3,10,B,462,0,0,351,4,9,160,76,7,20,4,3,68
31,Navarra,201,Pamplona/Iruña,3,11,A,531,0,0,432,9,6,252,59,22,21,0,1,62
31,Navarra,201,Pamplona/Iruña,3,11,B,498,0,0,413,6,4,228,63,14,39,0,4,55
31,Navarra,201,Pamplona/Iruña,3,12,A,464,0,0,367,11,12,172,58,9,32,0,5,68
31,Navarra,201,Pamplona/Iruña,3,12,B,468,0,0,367,3,12,170,56,16,26,0,11,73
31,Navarra,201,Pamplona/Iruña,3,13,A,499,0,0,382,0,18,124,110,11,13,0,1,105
31,Navarra,201,Pamplona/Iruña,3,13,B,486,0,0,350,2,12,105,83,14,19,0,4,111
31,Navarra,201,Pamplona/Iruña,3,14,A,522,0,0,425,3,4,205,63,16,19,1,7,107
31,Navarra,201,Pamplona/Iruña,3,14,B,444,0,0,355,5,7,177,57,10,18,1,5,75
31,Navarra,201,Pamplona/Iruña,3,14,C,541,0,0,424,6,12,218,70,19,22,0,4,73
31,Navarra,201,Pamplona/Iruña,3,15,A,457,0,0,375,2,5,229,51,8,21,1,2,56
31,Navarra,201,Pamplona/Iruña,3,15,B,498,0,0,388,5,4,258,37,7,23,0,0,54
31,Navarra,201,Pamplona/Iruña,3,15,C,474,0,0,372,4,6,240,37,4,28,0,2,51
31,Navarra,201,Pamplona/Iruña,3,16,A,436,0,0,341,1,2,194,36,13,27,1,2,65
31,Navarra,201,Pamplona/Iruña,3,16,B,459,0,0,362,3,6,234,30,8,10,1,1,69
31,Navarra,201,Pamplona/Iruña,3,17,A,527,0,0,421,2,4,281,31,10,24,2,1,66
31,Navarra,201,Pamplona/Iruña,3,17,B,488,0,0,381,1,12,237,43,3,21,0,2,62
31,Navarra,201,Pamplona/Iruña,3,18,A,443,0,0,331,5,11,155,51,12,6,2,2,87
31,Navarra,201,Pamplona/Iruña,3,18,B,496,0,0,377,6,12,160,76,16,23,0,4,80
31,Navarra,201,Pamplona/Iruña,3,19,A,504,0,0,393,4,22,110,84,22,33,0,6,112
31,Navarra,201,Pamplona/Iruña,3,19,B,590,0,0,465,8,21,142,104,21,18,0,5,146
31,Navarra,201,Pamplona/Iruña,3,19,C,607,0,0,491,5,15,186,97,27,22,0,7,132
31,Navarra,201,Pamplona/Iruña,3,20,A,671,0,0,515,6,9,271,81,18,36,0,4,90
31,Navarra,201,Pamplona/Iruña,3,20,B,648,0,0,486,6,14,257,67,13,26,0,7,96
31,Navarra,201,Pamplona/Iruña,3,21,A,526,0,0,434,8,15,148,71,19,23,0,4,146
31,Navarra,201,Pamplona/Iruña,3,21,B,628,0,0,492,3,20,163,105,22,27,0,3,149
31,Navarra,201,Pamplona/Iruña,3,22,A,351,0,0,262,2,7,66,66,16,13,0,3,89
31,Navarra,201,Pamplona/Iruña,3,22,B,325,0,0,250,4,19,58,58,17,8,0,5,81
31,Navarra,201,Pamplona/Iruña,3,23,A,742,0,0,611,6,5,357,76,11,32,1,3,120
31,Navarra,201,Pamplona/Iruña,3,23,B,737,0,0,590,2,6,351,82,25,28,0,1,95
31,Navarra,201,Pamplona/Iruña,3,24,A,744,0,0,600,8,12,368,84,12,19,0,1,96
31,Navarra,201,Pamplona/Iruña,3,24,B,770,0,0,610,9,8,359,100,13,39,0,5,77
31,Navarra,201,Pamplona/Iruña,3,25,A,762,0,0,574,1,10,274,75,28,42,0,6,138
31,Navarra,201,Pamplona/Iruña,3,25,B,796,0,0,616,9,8,292,118,24,31,0,3,131
31,Navarra,201,Pamplona/Iruña,3,26,A,620,0,0,393,4,18,131,89,16,14,1,11,109
31,Navarra,201,Pamplona/Iruña,3,26,B,553,0,0,374,1,12,140,89,25,5,0,9,93
31,Navarra,201,Pamplona/Iruña,3,27,A,522,0,0,388,5,11,196,63,8,31,2,5,67
31,Navarra,201,Pamplona/Iruña,3,27,B,515,0,0,386,2,13,213,69,14,25,0,4,46
31,Navarra,201,Pamplona/Iruña,4,1,A,612,0,0,414,4,7,264,30,8,38,0,4,59
31,Navarra,201,Pamplona/Iruña,4,1,B,562,0,0,378,0,8,243,39,9,24,0,5,50
31,Navarra,201,Pamplona/Iruña,4,2,A,452,0,0,336,1,7,164,60,15,19,2,4,64
31,Navarra,201,Pamplona/Iruña,4,2,B,561,0,0,443,4,15,217,75,16,29,0,7,80
31,Navarra,201,Pamplona/Iruña,4,2,C,450,0,0,335,2,7,154,60,10,29,0,4,69
31,Navarra,201,Pamplona/Iruña,4,3,A,635,0,0,485,9,14,211,90,16,29,0,5,111
31,Navarra,201,Pamplona/Iruña,4,3,B,591,0,0,472,5,7,239,79,19,34,0,9,80
31,Navarra,201,Pamplona/Iruña,4,4,A,455,0,1,379,6,8,219,36,11,37,0,2,60
31,Navarra,201,Pamplona/Iruña,4,4,B,492,0,0,407,8,9,269,35,6,23,0,0,57
31,Navarra,201,Pamplona/Iruña,4,5,A,527,0,0,426,2,11,202,70,15,27,0,3,96
31,Navarra,201,Pamplona/Iruña,4,5,B,619,0,0,502,5,7,238,82,20,31,0,11,108
31,Navarra,201,Pamplona/Iruña,4,6,A,414,1,0,354,2,6,246,28,10,21,0,2,39
31,Navarra,201,Pamplona/Iruña,4,6,B,351,0,0,286,1,2,192,25,4,19,0,2,41
31,Navarra,201,Pamplona/Iruña,4,7,A,548,0,0,446,6,5,271,53,12,28,0,2,69
31,Navarra,201,Pamplona/Iruña,4,7,B,558,0,0,471,4,9,253,66,10,34,0,5,90
31,Navarra,201,Pamplona/Iruña,4,8,A,787,0,0,647,11,13,290,97,29,34,2,6,165
31,Navarra,201,Pamplona/Iruña,4,8,B,757,0,0,608,12,19,301,85,30,30,0,0,131
31,Navarra,201,Pamplona/Iruña,4,9,A,481,0,0,377,4,11,177,55,27,24,1,6,72
31,Navarra,201,Pamplona/Iruña,4,9,B,326,0,0,255,5,4,126,48,9,9,1,2,51
31,Navarra,201,Pamplona/Iruña,4,10,A,731,0,0,586,5,18,289,90,17,39,1,4,123
31,Navarra,201,Pamplona/Iruña,4,10,B,707,0,0,583,23,11,260,87,30,39,0,5,128
31,Navarra,201,Pamplona/Iruña,4,11,A,534,0,0,392,6,12,149,75,22,21,1,6,100
31,Navarra,201,Pamplona/Iruña,4,11,B,562,0,0,421,5,17,164,77,27,14,1,6,110
31,Navarra,201,Pamplona/Iruña,4,12,A,391,0,0,195,1,13,52,84,9,2,0,2,32
31,Navarra,201,Pamplona/Iruña,4,12,B,422,0,0,226,1,7,57,103,9,2,1,4,42
31,Navarra,201,Pamplona/Iruña,4,13,A,556,0,0,372,1,16,137,102,11,17,0,9,79
31,Navarra,201,Pamplona/Iruña,4,13,B,568,0,0,367,2,18,125,105,13,12,0,4,88
31,Navarra,201,Pamplona/Iruña,4,14,A,622,0,0,505,9,9,242,74,19,35,1,5,111
31,Navarra,201,Pamplona/Iruña,4,14,B,669,0,0,529,10,12,237,75,20,37,0,4,134
31,Navarra,201,Pamplona/Iruña,4,15,A,562,0,0,435,2,10,229,50,8,30,1,9,96
31,Navarra,201,Pamplona/Iruña,4,15,B,527,0,0,421,5,10,200,54,11,37,0,4,100
31,Navarra,201,Pamplona/Iruña,4,16,A,345,0,0,292,2,3,177,27,3,21,0,2,57
31,Navarra,201,Pamplona/Iruña,4,16,B,349,0,0,285,2,5,150,44,8,22,0,3,51
31,Navarra,201,Pamplona/Iruña,4,17,A,564,0,0,468,5,7,232,67,23,30,1,0,103
31,Navarra,201,Pamplona/Iruña,4,17,B,523,0,0,418,6,12,225,64,8,29,1,2,71
31,Navarra,201,Pamplona/Iruña,4,17,C,532,0,0,432,6,5,241,48,15,33,0,3,81
31,Navarra,201,Pamplona/Iruña,4,18,A,559,0,0,453,4,4,220,70,17,36,1,3,98
31,Navarra,201,Pamplona/Iruña,4,18,B,611,0,0,509,3,9,266,72,18,46,0,5,90
31,Navarra,201,Pamplona/Iruña,4,18,C,503,0,0,392,3,5,210,58,12,17,0,3,84
31,Navarra,201,Pamplona/Iruña,4,19,A,553,0,0,452,5,19,190,82,21,18,1,7,109
31,Navarra,201,Pamplona/Iruña,4,19,B,533,0,0,426,8,20,185,70,23,21,0,1,98
31,Navarra,201,Pamplona/Iruña,4,20,A,471,0,0,363,0,9,148,67,13,29,0,6,91
31,Navarra,201,Pamplona/Iruña,4,20,B,458,0,0,376,10,9,178,60,16,23,0,1,79
31,Navarra,201,Pamplona/Iruña,4,21,A,501,0,0,411,4,13,133,95,21,20,0,9,116
31,Navarra,201,Pamplona/Iruña,4,21,B,528,0,0,430,6,11,139,82,25,26,1,7,133
31,Navarra,201,Pamplona/Iruña,4,21,C,510,0,0,408,8,12,147,82,26,25,1,5,102
31,Navarra,201,Pamplona/Iruña,4,22,A,451,0,0,378,2,14,169,55,15,8,1,5,109
31,Navarra,201,Pamplona/Iruña,4,22,B,382,0,0,310,3,8,154,47,13,11,0,4,70
31,Navarra,201,Pamplona/Iruña,4,24,A,732,0,0,592,6,12,337,74,9,42,1,3,108
31,Navarra,201,Pamplona/Iruña,4,24,B,691,0,0,539,7,8,282,82,16,48,0,7,89
31,Navarra,201,Pamplona/Iruña,4,25,A,483,0,0,380,2,12,133,74,23,10,0,2,124
31,Navarra,201,Pamplona/Iruña,4,25,B,534,0,0,405,4,10,149,76,16,19,0,5,126
31,Navarra,201,Pamplona/Iruña,4,25,C,505,0,0,393,10,14,149,68,12,25,1,3,111
31,Navarra,201,Pamplona/Iruña,4,26,A,737,0,1,494,4,17,207,67,37,23,0,8,131
31,Navarra,201,Pamplona/Iruña,4,26,B,788,0,0,525,11,15,217,119,31,23,0,9,100
31,Navarra,201,Pamplona/Iruña,5,1,A,437,0,0,325,2,1,242,30,4,7,0,4,35
31,Navarra,201,Pamplona/Iruña,5,1,B,397,0,0,292,5,2,207,30,6,11,0,3,28
31,Navarra,201,Pamplona/Iruña,5,2,A,397,0,0,279,5,11,102,50,16,10,0,6,79
31,Navarra,201,Pamplona/Iruña,5,2,B,427,0,0,298,2,14,98,64,10,13,0,8,89
31,Navarra,201,Pamplona/Iruña,5,3,U,650,0,0,470,3,10,217,77,25,36,0,8,94
31,Navarra,201,Pamplona/Iruña,5,4,A,460,0,0,333,6,12,107,62,14,20,1,4,107
31,Navarra,201,Pamplona/Iruña,5,4,B,447,0,0,354,2,12,117,92,22,16,0,3,90
31,Navarra,201,Pamplona/Iruña,5,5,A,439,0,0,301,3,18,107,64,12,11,0,4,82
31,Navarra,201,Pamplona/Iruña,5,5,B,422,0,0,305,2,10,112,70,4,14,0,3,90
31,Navarra,201,Pamplona/Iruña,5,6,A,460,0,0,329,1,13,109,65,14,17,0,5,105
31,Navarra,201,Pamplona/Iruña,5,6,B,422,0,0,300,2,13,104,73,17,14,0,1,76
31,Navarra,201,Pamplona/Iruña,5,7,A,512,0,0,343,4,26,105,77,20,11,2,2,96
31,Navarra,201,Pamplona/Iruña,5,7,B,476,0,0,314,1,16,118,62,11,21,1,3,81
31,Navarra,201,Pamplona/Iruña,5,8,A,437,0,0,329,5,4,187,40,12,23,3,3,52
31,Navarra,201,Pamplona/Iruña,5,8,B,463,0,0,336,5,11,177,38,19,18,1,5,62
31,Navarra,201,Pamplona/Iruña,5,9,A,692,0,0,554,6,14,288,68,14,31,0,8,125
31,Navarra,201,Pamplona/Iruña,5,9,B,700,0,0,551,7,15,270,78,22,37,0,7,115
31,Navarra,201,Pamplona/Iruña,5,10,A,486,0,0,379,5,12,151,70,19,25,0,3,94
31,Navarra,201,Pamplona/Iruña,5,10,B,527,0,0,392,5,9,135,96,18,19,0,3,107
31,Navarra,201,Pamplona/Iruña,5,11,A,604,0,0,437,5,11,168,95,13,23,0,2,120
31,Navarra,201,Pamplona/Iruña,5,11,B,568,0,0,411,10,12,167,67,15,25,0,7,108
31,Navarra,201,Pamplona/Iruña,5,12,A,374,0,0,265,3,9,89,51,23,14,2,5,69
31,Navarra,201,Pamplona/Iruña,5,12,B,372,0,0,252,3,12,72,52,14,9,0,2,88
31,Navarra,201,Pamplona/Iruña,6,1,A,563,0,0,381,4,28,149,49,17,8,0,6,120
31,Navarra,201,Pamplona/Iruña,6,1,B,619,0,0,413,1,35,121,69,18,9,0,12,148
31,Navarra,201,Pamplona/Iruña,6,2,A,454,0,0,289,2,12,86,74,15,12,1,4,83
31,Navarra,201,Pamplona/Iruña,6,2,B,466,0,0,306,4,26,92,76,10,16,0,3,79
31,Navarra,201,Pamplona/Iruña,6,2,C,441,0,0,256,2,14,80,64,9,11,2,1,73
31,Navarra,201,Pamplona/Iruña,6,3,A,482,0,0,339,3,31,52,69,22,8,0,4,150
31,Navarra,201,Pamplona/Iruña,6,3,B,399,0,0,276,3,27,54,78,20,1,0,2,91
31,Navarra,201,Pamplona/Iruña,6,4,A,387,0,0,271,0,17,55,79,12,8,0,7,93
31,Navarra,201,Pamplona/Iruña,6,4,B,423,0,0,288,0,25,64,78,16,9,0,7,89
31,Navarra,201,Pamplona/Iruña,6,5,A,505,0,0,361,1,28,104,74,23,7,1,4,119
31,Navarra,201,Pamplona/Iruña,6,5,B,519,0,0,388,3,36,126,90,26,7,1,3,96
31,Navarra,201,Pamplona/Iruña,6,6,A,437,0,0,313,1,37,55,62,11,3,0,7,137
31,Navarra,201,Pamplona/Iruña,6,6,B,411,0,0,296,1,28,48,58,12,3,0,8,138
31,Navarra,201,Pamplona/Iruña,6,7,A,512,0,0,368,3,34,99,64,18,15,0,3,132
31,Navarra,201,Pamplona/Iruña,6,7,B,561,0,0,407,7,40,95,94,22,11,0,6,132
31,Navarra,201,Pamplona/Iruña,6,7,C,537,0,0,396,2,36,95,96,23,13,0,1,130
31,Navarra,201,Pamplona/Iruña,6,9,A,361,0,0,270,1,18,85,54,10,8,0,4,90
31,Navarra,201,Pamplona/Iruña,6,9,B,358,0,0,251,3,25,67,60,11,8,0,6,71
31,Navarra,201,Pamplona/Iruña,6,10,A,627,0,0,457,2,42,126,83,32,20,0,3,149
31,Navarra,201,Pamplona/Iruña,6,10,B,530,0,0,373,5,31,122,61,21,15,1,4,113
31,Navarra,201,Pamplona/Iruña,6,11,A,350,0,0,233,0,14,79,56,11,6,0,1,66
31,Navarra,201,Pamplona/Iruña,6,11,B,315,0,0,215,3,9,55,50,15,2,0,8,73
31,Navarra,201,Pamplona/Iruña,6,12,A,564,0,0,410,3,34,111,68,26,15,0,6,147
31,Navarra,201,Pamplona/Iruña,6,12,B,625,0,0,447,13,39,90,88,29,13,1,8,166
31,Navarra,201,Pamplona/Iruña,6,12,C,559,0,0,381,1,44,85,71,30,6,0,8,136
31,Navarra,201,Pamplona/Iruña,6,13,A,485,0,0,329,2,31,94,60,25,14,0,8,95
31,Navarra,201,Pamplona/Iruña,6,13,B,478,0,0,308,3,18,87,70,27,16,0,7,80
31,Navarra,201,Pamplona/Iruña,6,14,A,382,0,0,268,0,25,72,60,16,3,0,4,88
31,Navarra,201,Pamplona/Iruña,6,14,B,394,0,0,274,2,30,72,61,11,8,1,7,82
31,Navarra,201,Pamplona/Iruña,6,15,A,586,0,0,417,3,34,122,75,25,23,2,6,127
31,Navarra,201,Pamplona/Iruña,6,15,B,594,0,0,430,5,21,150,97,23,17,1,4,112
31,Navarra,201,Pamplona/Iruña,7,1,A,508,0,0,319,4,21,74,76,25,5,0,5,109
31,Navarra,201,Pamplona/Iruña,7,1,B,544,0,0,370,3,26,106,87,18,12,0,9,109
31,Navarra,201,Pamplona/Iruña,7,2,A,523,0,0,355,6,39,104,82,10,12,1,6,95
31,Navarra,201,Pamplona/Iruña,7,2,B,541,0,0,338,2,20,92,81,24,8,1,7,104
31,Navarra,201,Pamplona/Iruña,7,2,C,511,0,0,324,4,12,95,78,30,8,0,7,90
31,Navarra,201,Pamplona/Iruña,7,3,A,608,0,0,391,2,22,122,89,18,9,1,5,123
31,Navarra,201,Pamplona/Iruña,7,3,B,649,0,0,430,3,30,114,94,28,7,0,4,150
31,Navarra,201,Pamplona/Iruña,7,4,A,449,0,0,287,2,12,97,69,23,11,0,2,71
31,Navarra,201,Pamplona/Iruña,7,4,B,492,0,0,322,2,20,82,97,24,10,0,3,84
31,Navarra,201,Pamplona/Iruña,7,5,A,580,0,0,402,7,25,112,59,21,11,0,4,163
31,Navarra,201,Pamplona/Iruña,7,5,B,635,0,0,451,5,26,118,91,33,13,0,3,162
31,Navarra,201,Pamplona/Iruña,7,6,A,572,0,0,408,3,29,107,76,26,18,0,2,147
31,Navarra,201,Pamplona/Iruña,7,6,B,748,0,0,540,9,34,129,121,30,18,0,7,192
31,Navarra,201,Pamplona/Iruña,7,6,C,654,0,0,450,10,32,122,96,21,23,0,6,140
31,Navarra,201,Pamplona/Iruña,7,7,A,623,0,0,430,4,33,102,85,23,13,0,12,158
31,Navarra,201,Pamplona/Iruña,7,7,B,701,0,0,466,5,32,120,90,25,18,0,9,167
31,Navarra,201,Pamplona/Iruña,7,7,C,581,0,0,396,5,31,100,85,26,12,2,5,130
31,Navarra,201,Pamplona/Iruña,7,8,A,567,0,0,370,2,24,106,92,18,9,0,5,114
31,Navarra,201,Pamplona/Iruña,7,8,B,626,0,0,413,6,27,106,120,22,15,0,2,115
31,Navarra,201,Pamplona/Iruña,7,9,A,672,0,0,410,2,23,135,96,29,21,0,9,95
31,Navarra,201,Pamplona/Iruña,7,9,B,713,0,0,454,3,32,139,85,24,19,1,11,140
31,Navarra,201,Pamplona/Iruña,7,9,C,626,0,0,375,1,25,128,74,14,13,0,11,109
31,Navarra,201,Pamplona/Iruña,7,10,A,682,0,0,427,9,21,100,78,25,10,2,14,168
31,Navarra,201,Pamplona/Iruña,7,10,B,765,0,0,459,7,29,119,104,37,12,0,5,146
31,Navarra,201,Pamplona/Iruña,7,11,A,521,0,0,352,2,18,120,93,18,18,0,3,80
31,Navarra,201,Pamplona/Iruña,7,11,B,584,0,0,370,3,20,117,109,16,7,0,2,96
31,Navarra,201,Pamplona/Iruña,7,11,C,548,0,0,386,5,19,124,103,13,19,0,3,100
31,Navarra,201,Pamplona/Iruña,7,12,A,611,0,0,433,5,21,117,95,22,8,1,14,150
31,Navarra,201,Pamplona/Iruña,7,12,B,645,0,0,465,5,24,116,118,37,11,0,8,146
31,Navarra,201,Pamplona/Iruña,7,13,A,450,0,0,294,3,15,79,64,24,13,0,5,91
31,Navarra,201,Pamplona/Iruña,7,13,B,471,0,0,330,1,10,106,89,22,6,0,7,89
31,Navarra,201,Pamplona/Iruña,7,14,A,616,0,0,405,5,17,134,98,26,14,1,7,103
31,Navarra,201,Pamplona/Iruña,7,14,B,567,0,0,374,5,19,145,78,17,9,1,5,95
31,Navarra,201,Pamplona/Iruña,7,15,A,652,0,0,491,5,24,140,93,38,28,1,10,152
31,Navarra,201,Pamplona/Iruña,7,15,B,683,0,0,515,3,17,166,105,36,23,1,10,154
31,Navarra,201,Pamplona/Iruña,7,15,C,627,0,0,449,3,24,135,98,26,20,0,7,136
31,Navarra,201,Pamplona/Iruña,7,16,A,395,0,0,259,2,14,82,61,11,7,0,3,79
31,Navarra,201,Pamplona/Iruña,7,16,B,439,0,0,277,2,20,79,86,15,8,0,7,60
31,Navarra,201,Pamplona/Iruña,7,17,U,637,0,0,440,2,32,115,123,26,13,0,5,124
31,Navarra,201,Pamplona/Iruña,7,18,A,555,0,0,395,10,30,99,74,18,12,0,4,148
31,Navarra,201,Pamplona/Iruña,7,18,B,532,0,0,371,4,19,102,84,20,8,1,5,128
31,Navarra,201,Pamplona/Iruña,7,19,A,687,0,0,477,5,33,112,106,24,15,0,5,177
31,Navarra,201,Pamplona/Iruña,7,19,B,760,0,0,531,5,35,133,133,42,15,0,6,162
31,Navarra,201,Pamplona/Iruña,7,20,A,452,0,0,309,5,17,81,70,18,24,0,2,92
31,Navarra,201,Pamplona/Iruña,7,20,B,560,0,0,385,8,13,122,93,19,21,1,5,102
31,Navarra,201,Pamplona/Iruña,7,21,A,460,0,0,281,3,14,62,46,18,13,0,4,121
31,Navarra,201,Pamplona/Iruña,7,21,B,454,0,0,301,4,20,76,44,15,12,1,8,121
31,Navarra,201,Pamplona/Iruña,8,1,A,477,0,0,334,8,7,71,63,23,21,3,7,131
31,Navarra,201,Pamplona/Iruña,8,1,B,580,0,0,417,6,13,89,123,20,21,0,13,132
31,Navarra,201,Pamplona/Iruña,8,2,A,550,0,0,437,7,12,122,76,29,21,0,11,159
31,Navarra,201,Pamplona/Iruña,8,2,B,630,0,0,493,10,14,163,81,29,15,0,10,171
31,Navarra,201,Pamplona/Iruña,8,2,C,558,0,0,424,6,10,126,86,16,18,0,13,149
31,Navarra,201,Pamplona/Iruña,8,3,A,570,0,0,422,6,21,102,81,28,13,0,7,164
31,Navarra,201,Pamplona/Iruña,8,3,B,670,0,0,488,7,11,126,84,31,26,0,8,195
31,Navarra,201,Pamplona/Iruña,8,3,C,620,0,0,483,6,23,128,98,38,18,0,9,163
31,Navarra,201,Pamplona/Iruña,8,4,A,541,0,0,423,6,22,87,84,34,15,0,13,162
31,Navarra,201,Pamplona/Iruña,8,4,B,475,0,0,363,6,11,89,68,31,20,0,5,133
31,Navarra,201,Pamplona/Iruña,8,5,A,442,0,0,338,0,6,87,83,19,14,0,4,125
31,Navarra,201,Pamplona/Iruña,8,5,B,448,0,0,333,7,5,80,74,19,11,0,5,132
31,Navarra,201,Pamplona/Iruña,8,6,U,825,0,0,619,11,14,233,121,43,41,0,13,143
31,Navarra,202,Peralta,1,1,A,403,0,0,335,5,8,172,68,40,14,1,2,25
31,Navarra,202,Peralta,1,1,B,465,0,0,388,10,4,208,85,29,8,2,7,35
31,Navarra,202,Peralta,1,2,A,650,0,0,556,15,3,252,99,90,14,2,3,78
31,Navarra,202,Peralta,1,2,B,635,0,0,523,10,3,235,110,86,18,1,5,55
31,Navarra,202,Peralta,2,1,A,599,0,0,509,8,2,271,82,71,23,0,4,48
31,Navarra,202,Peralta,2,1,B,696,0,0,592,4,7,333,97,64,23,1,7,56
31,Navarra,202,Peralta,2,1,C,570,0,0,477,13,7,218,101,59,15,1,3,60
31,Navarra,203,Petilla de Aragón,1,1,U,31,0,0,20,0,0,4,11,0,3,0,0,2
31,Navarra,204,Piedramillera,1,1,U,54,0,0,52,2,5,23,5,1,0,0,2,14
31,Navarra,205,Pitillas,1,1,U,484,0,0,444,19,10,146,140,23,22,4,5,75
31,Navarra,206,Puente la Reina/Gares,1,1,A,632,0,0,548,9,52,170,91,24,23,9,13,157
31,Navarra,206,Puente la Reina/Gares,1,1,B,712,0,0,586,13,48,217,106,19,21,8,11,143
31,Navarra,206,Puente la Reina/Gares,1,1,C,630,0,0,528,10,43,208,84,24,29,2,10,118
31,Navarra,207,Pueyo,1,1,U,274,0,0,205,2,41,74,28,8,2,1,6,43
31,Navarra,208,Ribaforada,1,1,A,350,0,0,306,2,6,131,100,48,5,1,1,12
31,Navarra,208,Ribaforada,1,1,B,475,0,0,401,3,1,208,142,33,3,0,1,10
31,Navarra,208,Ribaforada,2,1,A,537,0,0,459,3,4,175,183,64,3,0,5,22
31,Navarra,208,Ribaforada,2,1,B,602,0,0,490,3,4,146,255,58,3,0,4,17
31,Navarra,208,Ribaforada,2,1,C,599,0,0,516,4,2,201,228,57,5,0,2,17
31,Navarra,209,Romanzado,1,1,U,157,0,0,121,1,7,35,15,4,18,3,3,35
31,Navarra,210,Roncal/Erronkari,1,1,U,244,0,0,204,7,11,77,29,3,25,0,4,48
31,Navarra,211,Orreaga/Roncesvalles,1,1,U,21,0,0,17,2,0,12,0,0,3,0,0,0
31,Navarra,212,Sada,1,1,U,184,0,0,140,3,0,86,20,2,19,0,1,9
31,Navarra,213,Saldías,1,1,U,115,0,0,71,0,7,9,8,3,7,1,1,35
31,Navarra,214,Salinas de Oro,1,1,U,94,0,0,56,0,0,22,3,0,2,0,1,28
31,Navarra,215,San Adrián,1,1,A,591,0,0,438,8,6,226,147,14,7,1,10,19
31,Navarra,215,San Adrián,1,1,B,519,0,0,409,4,2,218,122,22,9,0,10,22
31,Navarra,215,San Adrián,1,2,A,751,0,0,579,9,5,317,196,16,5,1,12,18
31,Navarra,215,San Adrián,1,2,B,677,0,0,551,6,6,301,175,21,11,0,8,23
31,Navarra,215,San Adrián,2,1,A,645,0,0,439,4,6,216,176,18,6,0,6,7
31,Navarra,215,San Adrián,2,1,B,569,0,0,428,7,3,214,155,16,8,2,7,16
31,Navarra,215,San Adrián,2,2,U,805,0,0,631,12,3,316,249,20,7,1,8,15
31,Navarra,216,Sang esa/Zangoza,1,1,A,727,0,0,564,10,19,226,91,41,34,1,12,130
31,Navarra,216,Sang esa/Zangoza,1,1,B,708,0,0,541,11,14,236,79,34,39,0,14,114
31,Navarra,216,Sang esa/Zangoza,1,1,C,51,0,0,41,0,1,14,12,3,0,0,1,10
31,Navarra,216,Sang esa/Zangoza,2,1,A,319,0,0,261,2,7,139,27,12,13,2,4,55
31,Navarra,216,Sang esa/Zangoza,2,1,B,372,0,0,310,4,6,138,59,20,13,1,8,61
31,Navarra,216,Sang esa/Zangoza,2,1,C,114,0,0,90,0,3,11,18,16,3,0,7,32
31,Navarra,216,Sang esa/Zangoza,2,2,A,786,0,0,585,8,17,221,110,37,45,5,18,124
31,Navarra,216,Sang esa/Zangoza,2,2,B,815,0,0,605,13,17,231,140,43,46,3,15,97
31,Navarra,217,San Martín de Unx,1,1,U,406,0,0,290,0,13,129,63,9,20,2,7,47
31,Navarra,219,Sansol,1,1,U,103,0,0,91,3,0,47,27,3,1,1,0,9
31,Navarra,220,Santacara,1,1,A,386,0,0,295,3,4,162,81,5,16,0,5,19
31,Navarra,220,Santacara,1,1,B,427,0,0,323,5,2,159,110,5,19,0,1,22
31,Navarra,221,Doneztebe/Santesteban,1,1,A,560,0,0,399,9,24,98,49,10,21,0,2,186
31,Navarra,221,Doneztebe/Santesteban,1,1,B,571,0,0,444,7,18,131,40,15,18,1,2,212
31,Navarra,222,Sarriés/Sartze,1,1,U,67,0,0,35,3,1,10,8,0,0,0,1,12
31,Navarra,223,Sartaguda,1,1,A,439,0,0,366,11,24,164,120,14,3,0,4,26
31,Navarra,223,Sartaguda,1,1,B,660,0,0,555,8,60,179,214,15,6,0,9,64
31,Navarra,224,Sesma,1,1,A,545,0,0,467,4,3,224,172,23,14,0,2,25
31,Navarra,224,Sesma,1,1,B,524,0,0,448,4,5,223,162,15,14,1,2,22
31,Navarra,225,Sorlada,1,1,U,39,0,0,35,1,0,13,8,2,1,0,0,10
31,Navarra,226,Sunbilla,1,1,U,592,0,0,480,14,65,68,18,5,8,0,1,301
31,Navarra,227,Tafalla,1,1,A,361,0,0,278,3,21,124,59,3,23,0,1,44
31,Navarra,227,Tafalla,1,1,B,373,0,2,288,5,25,137,55,8,5,0,2,51
31,Navarra,227,Tafalla,1,2,A,573,0,0,457,8,41,179,103,15,14,0,4,93
31,Navarra,227,Tafalla,1,2,B,627,0,0,472,9,33,187,105,13,13,0,3,109
31,Navarra,227,Tafalla,1,2,C,473,0,0,372,7,23,160,67,13,7,0,4,91
31,Navarra,227,Tafalla,1,3,A,467,0,0,343,3,15,113,95,15,15,0,6,81
31,Navarra,227,Tafalla,1,3,B,568,0,0,416,7,36,126,121,22,13,0,7,84
31,Navarra,227,Tafalla,1,3,C,519,0,0,394,5,22,135,121,16,8,1,7,79
31,Navarra,227,Tafalla,2,1,A,461,0,0,337,7,28,97,85,15,10,1,4,90
31,Navarra,227,Tafalla,2,1,B,534,0,0,412,8,27,112,121,15,17,0,6,106
31,Navarra,227,Tafalla,2,1,C,469,0,0,369,4,27,128,97,10,7,1,7,88
31,Navarra,227,Tafalla,2,2,A,403,0,0,306,5,30,84,64,18,5,0,8,92
31,Navarra,227,Tafalla,2,2,B,502,0,0,366,5,50,85,106,15,7,2,8,88
31,Navarra,227,Tafalla,2,2,C,376,0,0,268,2,35,95,60,14,4,2,5,51
31,Navarra,227,Tafalla,2,3,A,534,0,0,364,5,33,78,122,26,7,0,5,88
31,Navarra,227,Tafalla,2,3,B,471,0,0,336,6,40,84,95,19,7,3,2,80
31,Navarra,227,Tafalla,2,4,U,595,0,0,422,9,32,122,117,16,10,2,6,108
31,Navarra,228,Tiebas-Muruarte de Reta,1,1,U,486,0,0,382,5,10,156,68,24,28,0,19,72
31,Navarra,229,Tirapu,1,1,U,59,0,0,45,0,1,24,3,4,4,0,0,9
31,Navarra,230,Torralba del Río,1,1,U,127,0,0,116,0,2,67,16,1,0,0,2,28
31,Navarra,231,Torres del Río,1,1,U,149,0,0,112,0,0,69,28,5,5,0,0,5
31,Navarra,232,Tudela,1,1,A,501,0,0,300,1,3,126,132,7,8,2,4,17
31,Navarra,232,Tudela,1,1,B,441,0,0,284,0,5,153,81,12,7,1,0,25
31,Navarra,232,Tudela,1,2,A,468,0,0,344,3,10,174,97,15,4,0,5,36
31,Navarra,232,Tudela,1,2,B,460,0,0,345,0,12,178,92,16,4,0,4,39
31,Navarra,232,Tudela,1,3,U,462,0,0,353,5,13,198,70,16,7,2,9,33
31,Navarra,232,Tudela,2,1,A,715,0,0,521,7,10,238,155,22,13,0,9,67
31,Navarra,232,Tudela,2,1,B,869,0,0,645,11,9,314,198,34,12,3,6,58
31,Navarra,232,Tudela,2,1,C,646,0,0,475,5,13,226,130,27,8,2,6,58
31,Navarra,232,Tudela,2,2,A,569,0,0,421,4,6,232,113,21,11,1,4,29
31,Navarra,232,Tudela,2,2,B,629,0,0,453,5,7,245,120,14,19,2,3,38
31,Navarra,232,Tudela,2,3,A,462,0,0,369,8,3,236,69,7,12,4,4,26
31,Navarra,232,Tudela,2,3,B,572,0,0,459,6,9,311,95,6,11,1,2,18
31,Navarra,232,Tudela,2,4,A,721,0,0,536,8,5,287,147,23,14,0,4,48
31,Navarra,232,Tudela,2,4,B,794,0,0,602,11,2,306,178,22,13,0,1,69
31,Navarra,232,Tudela,2,5,U,758,0,0,561,7,8,374,103,10,21,1,4,33
31,Navarra,232,Tudela,3,1,A,646,0,0,492,11,2,318,98,10,12,2,4,35
31,Navarra,232,Tudela,3,1,B,715,0,0,527,6,4,339,121,13,13,4,3,24
31,Navarra,232,Tudela,3,2,A,607,0,0,472,13,5,247,131,10,20,2,2,42
31,Navarra,232,Tudela,3,2,B,721,0,0,532,8,7,260,177,14,17,0,2,47
31,Navarra,232,Tudela,3,2,C,682,0,0,529,9,11,251,166,20,28,0,6,38
31,Navarra,232,Tudela,3,3,A,584,0,0,463,5,4,245,143,14,14,4,5,29
31,Navarra,232,Tudela,3,3,B,635,0,0,481,7,7,232,157,10,12,4,4,48
31,Navarra,232,Tudela,3,4,A,532,0,0,406,3,1,253,109,8,10,1,4,17
31,Navarra,232,Tudela,3,4,B,643,0,0,499,2,1,309,118,17,11,2,5,34
31,Navarra,232,Tudela,3,4,C,529,0,0,418,4,3,254,100,10,18,0,5,24
31,Navarra,232,Tudela,3,5,A,859,0,0,627,4,11,314,194,27,7,2,9,59
31,Navarra,232,Tudela,3,5,B,878,0,0,627,7,8,293,238,12,9,4,7,49
31,Navarra,232,Tudela,3,6,U,715,0,0,542,11,8,252,198,19,8,0,6,40
31,Navarra,232,Tudela,4,1,U,692,0,0,531,5,7,272,161,17,11,2,4,52
31,Navarra,232,Tudela,4,2,A,402,0,0,288,4,3,128,108,16,3,1,3,22
31,Navarra,232,Tudela,4,2,B,486,0,0,352,2,7,125,158,15,11,0,1,33
31,Navarra,232,Tudela,4,2,C,415,0,0,314,4,5,123,125,14,3,2,3,35
31,Navarra,232,Tudela,4,3,A,500,0,0,364,3,6,175,118,12,7,1,2,40
31,Navarra,232,Tudela,4,3,B,633,0,0,465,9,7,222,166,12,9,2,3,35
31,Navarra,232,Tudela,4,3,C,583,0,0,435,5,9,212,154,11,5,0,1,38
31,Navarra,232,Tudela,4,4,A,625,0,0,444,7,8,184,181,8,9,0,7,40
31,Navarra,232,Tudela,4,4,B,705,0,0,518,6,6,211,204,19,15,1,12,44
31,Navarra,232,Tudela,4,5,U,913,0,0,671,10,7,368,210,18,13,0,0,45
31,Navarra,233,Tulebras,1,1,U,108,0,0,94,1,0,49,28,5,3,0,1,7
31,Navarra,234,Ucar,1,1,U,140,0,0,99,2,5,40,21,1,6,0,3,21
31,Navarra,235,Ujué,1,1,U,197,0,0,148,2,9,54,38,6,6,0,3,30
31,Navarra,236,Ultzama,1,1,A,665,0,0,463,6,42,215,23,5,21,1,5,145
31,Navarra,236,Ultzama,1,1,B,633,0,0,482,3,24,203,23,15,21,0,2,191
31,Navarra,237,Unciti,1,1,U,190,0,0,140,3,2,62,22,7,13,0,0,31
31,Navarra,238,Unzué,1,1,U,124,0,0,103,2,9,24,18,3,11,0,0,36
31,Navarra,239,Urdazubi/Urdax,1,1,U,306,0,3,272,9,7,84,13,4,20,0,3,132
31,Navarra,240,Urdiain,1,1,U,534,0,0,419,6,91,69,26,7,8,0,4,208
31,Navarra,241,Urraul Alto,1,1,U,151,0,0,128,0,6,67,5,2,8,0,0,40
31,Navarra,242,Urraul Bajo,1,1,U,240,0,0,193,9,7,88,22,3,8,1,3,52
31,Navarra,243,Urroz-Villa,1,1,U,314,0,0,268,11,7,104,36,6,14,1,9,80
31,Navarra,244,Urrotz,1,1,U,150,0,0,101,4,1,38,11,0,1,1,5,40
31,Navarra,245,Urzainqui,1,1,U,93,0,0,69,1,1,29,5,0,8,0,1,24
31,Navarra,246,Uterga,1,1,U,140,0,0,118,2,2,51,26,6,5,0,4,22
31,Navarra,247,Uztárroz/Uztarroze,1,1,U,198,0,0,146,2,15,61,12,2,10,0,4,40
31,Navarra,248,Luzaide/Valcarlos,1,1,U,322,0,0,269,7,12,83,38,6,18,1,0,104
31,Navarra,249,Valtierra,1,1,A,633,0,0,510,12,4,141,270,5,61,0,5,12
31,Navarra,249,Valtierra,1,1,B,527,0,0,422,3,1,136,179,7,69,0,1,26
31,Navarra,249,Valtierra,2,1,A,430,0,0,340,0,4,83,215,5,24,0,1,8
31,Navarra,249,Valtierra,2,1,B,411,0,0,339,5,3,100,192,6,25,0,1,7
31,Navarra,250,Bera/Vera de Bidasoa,1,1,A,423,0,0,303,6,46,65,30,5,3,3,1,144
31,Navarra,250,Bera/Vera de Bidasoa,1,1,B,569,0,0,398,2,67,76,46,13,14,0,8,172
31,Navarra,250,Bera/Vera de Bidasoa,1,1,C,553,0,0,362,1,71,84,46,10,5,1,6,138
31,Navarra,250,Bera/Vera de Bidasoa,1,2,U,580,0,0,395,4,70,55,35,4,12,0,5,210
31,Navarra,250,Bera/Vera de Bidasoa,2,1,U,746,0,0,502,12,97,71,43,9,12,0,3,255
31,Navarra,251,Viana,1,1,A,520,0,0,419,4,11,182,126,5,20,6,3,62
31,Navarra,251,Viana,1,1,B,542,0,0,430,7,8,212,130,6,11,3,2,51
31,Navarra,251,Viana,1,1,C,463,0,0,371,4,5,162,117,8,15,4,1,55
31,Navarra,251,Viana,1,2,A,457,0,0,376,4,7,140,165,8,8,1,1,42
31,Navarra,251,Viana,1,2,B,482,0,0,399,4,6,145,178,4,9,2,3,48
31,Navarra,251,Viana,2,1,U,571,0,0,421,3,9,144,215,3,8,0,1,38
31,Navarra,252,Vidángoz/Bidankoze,1,1,U,102,0,0,75,0,5,27,7,4,0,0,0,32
31,Navarra,253,Bidaurreta,1,1,U,110,0,0,87,0,7,12,13,1,0,0,3,51
31,Navarra,254,Villafranca,1,1,A,616,0,0,527,5,11,269,187,11,16,0,2,26
31,Navarra,254,Villafranca,1,1,B,587,0,0,504,5,9,220,210,10,12,1,3,34
31,Navarra,254,Villafranca,2,1,A,371,0,0,310,3,12,138,114,11,11,0,2,19
31,Navarra,254,Villafranca,2,1,B,460,0,0,384,4,6,141,170,18,5,0,4,36
31,Navarra,255,Villamayor de Monjardín,1,1,U,103,0,0,92,0,2,41,16,4,13,0,2,14
31,Navarra,256,Hiriberri/Villanueva de Aezkoa,1,1,U,118,0,0,61,0,16,11,8,1,2,0,0,23
31,Navarra,257,Villatuerta,1,1,U,798,0,0,572,10,17,235,109,34,28,3,18,118
31,Navarra,258,Villava/Atarrabia,1,1,A,859,0,0,612,4,80,163,86,25,30,0,11,213
31,Navarra,258,Villava/Atarrabia,1,1,B,773,0,0,520,4,64,160,72,25,20,0,3,172
31,Navarra,258,Villava/Atarrabia,2,1,A,632,0,0,452,6,47,115,48,27,19,0,6,184
31,Navarra,258,Villava/Atarrabia,2,1,B,598,0,0,440,3,45,101,57,18,17,0,13,186
31,Navarra,258,Villava/Atarrabia,2,2,A,575,0,0,431,8,55,130,81,24,12,0,6,115
31,Navarra,258,Villava/Atarrabia,2,2,B,585,0,0,402,4,45,122,57,14,19,0,10,131
31,Navarra,258,Villava/Atarrabia,2,2,C,536,0,0,363,3,29,101,48,19,18,0,5,140
31,Navarra,258,Villava/Atarrabia,2,3,A,792,0,0,579,8,49,161,75,29,27,1,12,217
31,Navarra,258,Villava/Atarrabia,2,3,B,767,0,0,569,7,49,170,76,23,23,3,9,209
31,Navarra,258,Villava/Atarrabia,2,4,A,778,0,0,575,10,44,130,89,28,34,1,13,226
31,Navarra,258,Villava/Atarrabia,2,4,B,703,0,0,534,8,53,151,96,27,26,1,9,163
31,Navarra,259,Igantzi,1,1,U,492,0,0,380,11,26,64,37,6,8,0,3,225
31,Navarra,260,Yerri,1,1,A,523,0,0,398,12,29,198,53,7,13,3,3,80
31,Navarra,260,Yerri,1,1,B,372,0,0,273,4,18,125,55,9,8,1,7,46
31,Navarra,260,Yerri,1,1,C,392,0,0,285,4,41,106,32,6,14,1,6,75
31,Navarra,261,Yesa,1,1,U,262,0,0,215,4,6,104,56,3,14,0,9,19
31,Navarra,262,Zabalza,1,1,U,163,0,0,130,2,3,49,11,14,10,0,2,39
31,Navarra,263,Zubieta,1,1,U,260,0,0,148,1,39,13,9,0,1,0,1,84
31,Navarra,264,Zugarramurdi,1,1,U,181,0,0,125,1,8,43,12,1,6,0,1,53
31,Navarra,265,Zúñiga,1,1,U,97,0,0,85,2,4,32,12,1,4,0,1,29
31,Navarra,901,Barañain,1,1,A,520,1,0,377,6,3,146,87,21,21,0,2,91
31,Navarra,901,Barañain,1,1,B,528,0,0,369,4,10,198,68,16,16,1,3,53
31,Navarra,901,Barañain,1,2,A,548,0,0,394,1,12,175,77,18,18,0,6,87
31,Navarra,901,Barañain,1,2,B,489,0,0,347,8,9,135,77,16,23,0,5,74
31,Navarra,901,Barañain,1,3,A,688,0,0,487,6,19,193,101,26,19,0,8,115
31,Navarra,901,Barañain,1,3,B,750,0,0,542,2,17,213,117,27,23,0,11,132
31,Navarra,901,Barañain,1,4,A,628,0,0,482,7,24,173,112,33,14,2,5,112
31,Navarra,901,Barañain,1,4,B,599,0,0,426,5,25,173,86,19,9,4,8,97
31,Navarra,901,Barañain,1,4,C,561,0,0,415,2,11,177,80,26,13,0,11,95
31,Navarra,901,Barañain,1,5,A,947,0,0,644,11,38,228,120,38,27,0,8,174
31,Navarra,901,Barañain,1,5,B,862,0,0,605,13,35,212,118,28,33,1,11,154
31,Navarra,901,Barañain,1,6,A,763,0,0,486,4,27,165,111,26,15,0,11,127
31,Navarra,901,Barañain,1,6,B,732,0,0,492,6,19,158,137,33,18,0,11,110
31,Navarra,901,Barañain,1,7,A,864,0,0,664,8,35,186,134,43,32,0,15,211
31,Navarra,901,Barañain,1,7,B,726,0,0,520,9,44,149,94,21,28,0,10,165
31,Navarra,901,Barañain,1,8,A,793,0,0,575,5,14,215,89,32,31,2,7,180
31,Navarra,901,Barañain,1,8,B,841,0,0,617,6,17,243,110,38,25,1,7,170
31,Navarra,901,Barañain,1,9,U,889,0,0,559,6,31,174,117,32,18,0,13,168
31,Navarra,901,Barañain,1,10,A,631,0,0,439,7,25,119,94,29,16,0,3,146
31,Navarra,901,Barañain,1,10,B,620,0,0,421,4,29,97,72,39,14,0,16,150
31,Navarra,901,Barañain,1,10,C,584,0,0,399,11,28,109,71,18,14,0,10,138
31,Navarra,901,Barañain,1,11,A,655,0,0,493,7,13,219,74,22,31,0,4,123
31,Navarra,901,Barañain,1,11,B,639,0,0,473,9,10,207,74,22,38,0,5,108
31,Navarra,902,Berrioplano,1,1,A,527,0,0,374,7,10,141,54,22,18,0,3,119
31,Navarra,902,Berrioplano,1,1,B,421,0,0,325,5,16,126,47,17,24,0,2,88
31,Navarra,902,Berrioplano,1,1,C,364,0,0,265,4,12,100,40,12,17,0,3,77
31,Navarra,902,Berrioplano,1,2,A,487,0,0,354,3,15,131,57,12,19,0,7,110
31,Navarra,902,Berrioplano,1,2,B,434,0,0,307,9,7,117,56,16,17,0,10,75
31,Navarra,903,Berriozar,1,1,A,561,0,0,386,3,48,99,59,21,18,2,4,132
31,Navarra,903,Berriozar,1,1,B,703,0,0,508,5,64,110,90,27,28,1,14,169
31,Navarra,903,Berriozar,1,2,A,594,0,0,378,7,56,83,79,20,32,3,15,83
31,Navarra,903,Berriozar,1,2,B,585,0,0,373,2,36,89,91,23,31,1,12,88
31,Navarra,903,Berriozar,1,3,A,755,0,0,488,8,56,115,96,54,14,1,13,131
31,Navarra,903,Berriozar,1,3,B,742,0,0,490,4,50,128,116,44,19,0,9,120
31,Navarra,903,Berriozar,1,5,A,576,0,0,374,1,29,113,75,26,16,0,11,103
31,Navarra,903,Berriozar,1,5,B,608,0,0,403,0,31,112,77,39,18,1,13,112
31,Navarra,903,Berriozar,1,6,A,447,0,0,270,1,28,67,49,27,13,0,13,72
31,Navarra,903,Berriozar,1,6,B,386,0,0,242,4,22,64,49,13,12,1,9,68
31,Navarra,904,Irurtzun,1,1,A,780,0,0,578,9,93,147,63,23,6,0,1,236
31,Navarra,904,Irurtzun,1,1,B,774,0,0,584,14,51,165,74,20,5,0,9,246
31,Navarra,905,Beriáin,1,1,A,614,0,0,448,8,5,185,125,25,10,0,10,80
31,Navarra,905,Beriáin,1,1,B,661,0,0,453,5,8,150,169,38,9,0,15,59
31,Navarra,905,Beriáin,1,2,A,522,0,0,410,8,6,198,67,28,26,0,5,72
31,Navarra,905,Beriáin,1,2,B,624,0,0,406,4,9,155,95,39,14,0,14,76
31,Navarra,906,Orkoien,1,1,A,660,0,0,478,5,26,147,84,79,19,0,11,107
31,Navarra,906,Orkoien,1,1,B,583,0,0,455,4,20,121,85,75,17,0,10,123
31,Navarra,906,Orkoien,1,1,C,563,0,0,417,8,19,125,89,48,18,0,7,103
31,Navarra,907,Zizur Mayor/Zizur Nagusia,1,1,A,552,0,0,442,7,9,202,60,14,37,0,7,106
31,Navarra,907,Zizur Mayor/Zizur Nagusia,1,1,B,568,0,0,445,6,8,233,57,13,31,0,3,94
31,Navarra,907,Zizur Mayor/Zizur Nagusia,1,2,A,689,0,0,508,10,15,201,79,26,30,0,6,141
31,Navarra,907,Zizur Mayor/Zizur Nagusia,1,2,B,736,0,0,539,10,18,196,99,30,24,0,3,159
31,Navarra,907,Zizur Mayor/Zizur Nagusia,1,3,A,599,0,0,418,6,25,114,73,28,15,0,6,151
31,Navarra,907,Zizur Mayor/Zizur Nagusia,1,3,B,600,0,0,439,4,24,116,101,27,27,0,11,129
31,Navarra,907,Zizur Mayor/Zizur Nagusia,1,3,C,600,0,0,423,8,20,106,96,27,18,3,9,136
31,Navarra,907,Zizur Mayor/Zizur Nagusia,1,4,A,611,0,0,438,3,27,166,59,31,24,0,3,125
31,Navarra,907,Zizur Mayor/Zizur Nagusia,1,4,B,692,0,0,510,4,19,199,75,35,22,0,6,150
31,Navarra,907,Zizur Mayor/Zizur Nagusia,1,4,C,554,0,0,415,3,22,139,72,24,24,1,6,124
31,Navarra,907,Zizur Mayor/Zizur Nagusia,1,5,A,573,0,0,430,11,21,146,50,24,29,0,10,139
31,Navarra,907,Zizur Mayor/Zizur Nagusia,1,5,B,554,0,0,436,3,11,131,76,20,23,0,6,166
31,Navarra,907,Zizur Mayor/Zizur Nagusia,1,6,U,584,0,0,421,6,17,117,81,20,23,0,2,155
31,Navarra,907,Zizur Mayor/Zizur Nagusia,1,7,A,631,0,0,473,10,8,153,79,28,38,0,8,149
31,Navarra,907,Zizur Mayor/Zizur Nagusia,1,7,B,616,0,0,441,4,6,152,90,23,22,0,2,142
31,Navarra,908,Lekunberri,1,1,U,879,0,0,680,14,75,138,64,20,37,0,3,329
31,Navarra,999,C.E.R.A.,1,1,U,13361,0,0,2697,12,16,1101,1023,93,153,32,20,247
31,Navarra,9999,NAVARRA,1,1,U,471647,0,0,347851,4580,18096,139122,74157,14337,14418,541,4707,77893
